REGIAO;IMM2019;IMM2018;IMM2017;IMM2016;IMM2015;IMM2014;IMM2013;IMM2012;IMM2011;IMM2010;IMM2009;IMM2008;IMM2007;IMM2006;TUEF2021;TUEF2020;TUEF2019;TUEF2018;TUEF2017;TUEF2016;TUEF2015;TUEF2014;TUEF2013;TUEF2012;TUEF2011;TUEF2010;TUEB2021;TUEB2020;TUEB2019;TUEB2018;TUEB2017;TUEB2016;TUEB2015;TUEB2014;TUEB2013;TUEB2012;TUEB2011;TUEB2010;POPRUA2021;POPRUA2019;POPRUA2015;POPRUA2011;POPRUA2009;POPRUA2000;BF2020;BF2019;BF2018;BF2017;BF2016;BF2015;BF2014;BF2013;FV2021;FV2020;FV2019;FV2018;FV2017;FV2016;FV2015;FV2014;FV2013;FV2012;FV2011;FV2010;AGUA2010;AGUA2000;ESGOTO2010;ESGOTO2000;EXTPOB2020;EXTPOB2019;EXTPOB2018;EXTPOB2017;EXTPOB2016;EXTPOB2015;EXTPOB2014;EXTPOB2013
Alto De Pinheiros;81,48;79,85;80,03;78,1;80,17;78,45;79,48;78,96;77,1;77,41;75,6;77,75;76,58;74,92;181,87;187,66;187,75;185,79;176,46;182,3;178,17;168,74;161,94;160,43;160,74;159,58;171,1;161,41;163,22;161,91;163,92;169,1;180,77;171,59;161,3;154,65;147,21;160,25;3;4;12;0;9;16;78;59;66;70;64;245;49;48;0;0;0;0;0;0;0;0;0;0;0;0;0;0;0,1;0,32;112;136;102;90;86;89;117;99
Anhanguera;60,43;59,73;57,22;56,65;54,85;52,91;56,11;54,84;53,49;53,19;51,28;51,12;53,56;53,83;92,82;96,29;96,85;96,07;90,36;92,78;91,28;93,94;91,16;93,24;92,28;90,24;84,25;78,82;79,13;78,63;81,43;76,02;80,07;83,39;81,97;84,25;82,81;86,48;0;0;0;0;0;1;4.300;4.459;4.915;3.809;4.531;6.794;1.828;1.069;3,78;3,88;4,02;4,16;4,3;4,45;4,6;4,81;5,03;5,25;5,19;5,71;2,37;12,94;12,44;48,84;5.136;6.130;6.182;5.911;5.014;4.559;2.479;1.606
Aricanduva;71,1;70,72;69,79;70,16;69,38;69,63;68,27;67,09;68,03;67,87;65,87;65,82;63,78;65,29;131,08;132,96;132,24;126,73;118,51;119,99;122,71;125,03;124,88;121,36;118,77;115,25;122,72;112,19;109,88;106,48;112,46;109,83;117,69;126,5;121,54;118,55;110,5;118,1;293;164;15;0;10;22;2.467;2.478;2.506;2.044;2.400;5.173;1.811;1.594;1,06;1,07;1,07;1,07;1,08;1,08;1,09;1,09;1,09;1,09;1,1;1,1;0,16;0,08;2,14;6,72;3.087;3.574;3.226;3.080;2.949;2.675;3.188;2.588
Artur Alvim;70,31;69,25;67,85;67,2;66,53;67,14;66,56;65,85;66,33;65,93;63,35;63,76;64,32;62,28;129,18;130,14;126,89;124,95;118,05;121,89;122,9;125,15;124,64;124,99;123,72;119,05;130,31;117,43;113,32;115,74;122,89;104,13;111,67;114,36;114,17;112,51;119,19;112,3;139;55;18;0;9;7;2.784;3.104;3.231;2.960;3.384;7.521;2.955;2.238;7,32;7,34;7,36;7,39;7,41;6,33;7,46;7,49;7,5;7,53;7,55;7,58;0,05;0,18;4,33;9,55;3.556;4.288;4.224;4.538;4.144;4.256;4.889;3.734
Barra Funda;74,17;74,11;74,95;74,53;71,71;77,49;75,16;72,7;71,57;73,47;72,73;72,05;70,78;68,4;218,75;226,39;190,57;155,57;159,47;166,99;175,97;176,66;172,94;179,24;181,71;182,92;204,36;585,51;166,09;133,67;119,28;136,11;150,44;145,8;138,08;136,56;118,66;134,58;201;124;998;0;88;101;143;125;112;163;296;714;204;168;1,06;1,08;1,09;1,11;1,13;1,14;2,02;1,17;1,19;1,21;1,23;1,24;2,56;0;4,52;4,49;207;244;160;219;348;326;393;331
Bela Vista;72,15;73,07;73,73;74,52;74,21;72,26;73,65;71,25;74,49;72,08;72,28;72,14;70,7;71,22;41,46;48,3;52,15;55,85;56,1;60,97;65,71;67,65;68,54;69;68,56;70,71;55,03;55,08;56,97;60,89;67,37;72,89;83,13;91,63;85,5;85,12;74,74;95,3;476;411;909;675;263;152;1.387;2.422;2.906;2.449;1.184;2.460;552;609;0;0;0;0;0;0;0;0;0;0;0;0;0,77;0,09;0;0,24;2.148;2.508;4.058;4.347;1.440;1.345;1.059;1.090
Belém;70,61;70,27;72,35;71,97;69,61;71;72,25;69,38;69,83;71,14;69,58;67,87;67,55;70,36;123,38;127,37;129,85;140,78;144,6;153,72;157,82;150,69;148,47;149,88;142,1;139,78;114,19;103,81;109,64;116,8;134,02;141,56;155,26;150,63;148,98;150,06;131,53;144,16;758;755;269;64;171;80;4.400;6.013;6.165;4.211;2.734;2.194;626;509;3,75;3,78;3,81;3,85;3,88;3,92;3,95;4;4,05;4,09;4,14;4,19;0,29;0,05;1,05;4,43;7.136;7.022;7.903;6.586;3.288;1.346;992;824
Bom Retiro;68,88;68,43;68,94;68,79;69,82;67,11;68,89;67,7;68,46;66,71;67,74;66,26;67,23;63,5;80,19;86,68;87,35;81,09;86,08;89,85;90,32;88,74;85,17;90,97;95,74;103,57;91,51;86,78;87,07;83,15;96;90,28;97,7;100;100,18;107,28;99,8;118,97;1.251;1.334;742;343;455;157;1.961;2.201;2.283;2.261;1.767;2.596;745;677;2,86;2,9;2,95;3;3,05;0;0;0;0;0;0;0;4,09;0,49;5,7;2,73;2.999;3.226;3.059;3.792;2.033;1.625;1.032;989
Brasilândia;61,02;60,21;61,04;61,16;58,87;59,35;58,12;58,27;58,24;58,05;57,11;56,43;56,2;54,89;83,69;85,39;86,92;87,62;84,38;87,99;88,72;92,49;96,27;95,67;93,1;90,07;81,84;73,6;74,15;74,98;83,59;77,91;83,94;86,81;88,08;87,37;86,32;90,24;64;65;19;0;8;5;13.127;14.441;15.597;12.420;16.724;34.338;13.176;12.058;25,06;25,41;25,79;26,17;26,56;22,25;27,36;27,9;24,76;25,77;24,02;23,74;1,33;1,38;12,4;13,29;14.434;19.169;19.584;20.161;21.228;21.270;21.372;18.030
Brás;61,37;65,65;66,47;67,05;63,18;61,19;65,01;61,75;64,46;63,53;61,6;63,19;63,26;60,48;88,92;96,71;99,76;104,6;94,03;99,84;104,36;103,18;108,06;113,17;116,27;121,97;95,41;84,97;85,59;93,7;96,83;95,38;107,31;106,28;110,05;112,73;114,59;124,82;1.206;889;733;2.328;810;971;1.180;1.290;1.403;988;1.349;2.072;404;604;0,18;0,18;0;0;0;0;0;0;0;0;0;0;0;1,59;0,24;0,51;1.611;1.779;1.871;1.653;1.632;1.414;737;871
Butantã;77,05;74,45;77,61;78,07;75,2;76,47;74,5;73,88;74,62;73,62;73,48;72,92;73,25;71,43;245,81;250,85;251,35;252,36;244,99;254,7;259,51;264,04;262,79;259,54;252,95;248,04;214,12;206,99;202,1;202,04;216,2;135,1;145,22;147,59;147,62;150,2;211,09;166,95;71;29;36;0;21;10;450;481;403;476;837;2.278;498;558;1,31;1,31;1,32;1,33;1,33;1,11;1,35;1,36;1,37;1,38;1,39;1,4;0,3;0;0,89;2,17;634;847;557;698;1.056;954;1.123;1.068
Cachoeirinha;64,3;63,41;63,87;63,65;61,82;61,5;62,05;61,71;62,63;62,1;60,23;60,11;59,31;56,88;96,97;98,23;98,32;97,51;92,79;94,93;96,46;97,76;98,01;95,85;95,23;93,14;90,72;81,31;80,92;84,97;88,52;87,47;91,25;94,25;94,12;91,57;90,92;92,35;126;72;10;0;13;1;4.268;4.688;4.813;4.330;4.881;11.896;4.403;4.389;20,02;20,24;20,46;20,68;20,9;18,61;21,36;21,02;21,24;20,04;20,19;20,99;0,74;0,26;8,93;15,85;4.064;6.714;6.175;6.646;6.538;6.700;7.916;6.862
Cambuci;74,17;71,64;73,73;75,13;72,64;73,29;74,1;71,78;73,18;74,2;72,46;71;69,93;71,1;110,51;115,97;118,3;103,42;116,19;116,32;117,78;122,85;120,94;118,98;122,54;123,38;99,55;94,75;94,79;85,62;102,43;77,18;83,38;84,22;84,47;84,34;108,78;68,21;598;250;112;77;53;74;806;744;801;534;723;1.329;383;304;0;0;0;0;0;0;0;0;0;0;0;0;0,25;0;0,65;0,3;1.090;1.240;1.074;878;849;783;661;509
Campo Belo;78,69;76,43;76,72;77,62;75,64;77,07;76,51;75,14;74,67;74,4;74,61;73,05;73,19;71,79;96,23;99,76;103,01;104,3;99,01;104,13;102,86;106,59;106,97;108,43;104,64;105,51;87,16;82,69;82,61;81,15;84,24;81,91;87,55;88,78;89,18;90,6;86,72;95,98;303;132;69;0;70;65;674;695;717;577;744;1.712;587;534;9,14;9,13;9,13;9,14;9,14;6,43;9,15;10,32;10,32;10,34;7,11;7,13;0;0,73;1,6;5,19;890;1.080;936;870;925;972;1.032;885
Campo Grande;71,64;72,5;71,64;72,46;70,68;69,64;70,25;68,22;68,91;68,47;69,32;67,32;65,87;64,84;111,99;117,17;113,44;115,73;113,78;117,01;118,34;119,95;119,48;120,63;122,96;124,31;106,89;102,51;102,31;103,91;112,26;111,46;119,55;126,53;122,58;124,7;118,78;118,76;234;195;3;0;15;10;1.201;1.266;1.183;825;1.036;2.734;857;785;3,73;3,77;3,81;3,86;3,91;3,82;3,95;3,76;3,82;3,88;4,05;4,13;0,38;0,04;4,85;5,96;1.606;1.901;1.616;1.215;1.335;1.322;1.622;1.384
Campo Limpo;62,86;63,81;62,21;60,76;61,4;58,67;59,08;59,14;58,29;58,62;59,94;58,13;56,57;57,35;110,74;113,34;113,16;109,29;104,32;106,62;108,87;111,23;111,44;111,66;109,71;109,43;105,88;98,06;98,27;99,33;106,53;97,84;101,65;105,54;101,64;101,52;104,8;110,72;82;59;23;0;15;1;8.106;9.249;9.768;8.448;8.152;21.745;6.788;7.384;21,74;22,06;22,44;22,83;23,23;22,12;24,1;22,94;23,39;23,87;23,41;23,87;0,6;0,41;10,64;15,49;9.351;12.376;13.181;12.719;11.513;10.076;12.913;12.263
Cangaíba;67,58;67,57;67,5;66,12;66,6;64,37;64,83;64,3;64,6;63,21;62,74;63,93;62,35;62,85;106,34;109,38;109,83;109,42;104,25;108,18;108,48;108,93;107,65;107,39;105,11;102,19;102,07;93,21;93,64;95,06;102,26;103,08;108,25;111,19;109,84;109,57;101,7;109,86;10;23;0;0;1;2;4.487;4.414;4.532;4.149;5.755;12.241;4.829;3.385;10,77;10,85;10,95;11,05;11,15;10,79;10,31;10,41;10,15;10,24;10,43;10,53;0,3;0,27;9,08;7,72;5.269;6.636;6.050;6.591;7.533;7.563;7.917;5.737
Capão Redondo;62,2;60,78;61,46;60,09;58,97;58,3;59,08;56,92;57,85;56,64;57,76;55,77;55,65;53,03;111,76;114,48;116,57;119,48;116,36;119,8;121,91;123,87;124,3;123,67;121,62;116,22;104,94;96,57;98,2;100,78;109,79;104,66;113,74;115,65;117,37;115,54;111,74;108,26;152;70;14;0;2;5;11.055;12.712;14.262;12.578;15.632;35.594;13.134;11.713;21,11;21,46;21,88;22,3;23,79;27,65;23,4;23,44;23,4;23,89;26,16;26,75;0,25;0,7;12,49;20,19;11.608;16.539;18.969;18.315;20.656;20.099;21.914;18.223
Carrão;74,92;73,98;74,1;73,93;73,4;72,13;72,96;72,79;71,66;71,85;71,28;71,72;70,81;68,55;99,88;102,78;104,01;104,15;102,6;106,8;107,35;108,93;108,5;107,89;111,77;112,84;92,97;86,94;87,85;87,29;93,77;96,43;103,36;105,38;103,73;101,21;96,18;108,43;75;98;24;0;46;44;1.011;1.073;1.022;837;919;2.051;560;595;2,51;2,53;2,54;2,56;2,58;2,6;2,62;2,46;2,48;2,51;2,5;2,54;0;0;1,05;2,33;1.310;1.523;1.318;1.219;1.132;1.007;1.414;1.259
Casa Verde;71,49;72,1;71,41;70,82;71,67;70,95;68,59;69,7;69,72;69,11;67,91;68,62;66,57;66,04;93,66;97,33;102;104,69;101,56;106,29;109,26;113,02;114,77;115,92;116,03;117,1;101,56;93,09;94,97;99,93;107,09;110,27;118,91;121,98;123,89;126,15;122,76;129,23;276;240;179;0;19;9;1.867;2.260;2.343;2.000;1.910;3.532;1.175;974;0,12;0,12;0,12;0,12;0,12;0,12;0,13;0,12;0,12;0,12;0,12;0,12;0;0;1,35;0,95;2.366;2.960;3.094;3.054;2.231;2.006;2.046;1.701
Cidade Ademar;65,86;64,94;64,4;63,62;63,71;63,26;63,15;61,82;63,13;61,26;60,01;59;58,88;58,68;80,53;85,21;86,69;86,83;84,09;87,87;90,65;93,4;94,73;93,72;93,97;90,1;78,78;73,97;75,05;77,14;84,08;79,24;85,28;86,32;85,01;84,78;84,71;84,79;154;136;71;0;2;19;14.491;16.023;16.348;13.839;14.926;29.745;9.405;6.721;16,21;16,42;16,66;16,91;17,16;22,38;18,97;18,68;19,02;19,36;16,87;16,29;0,19;0,71;11,99;17,13;18.522;21.434;21.577;21.333;18.155;15.961;16.006;11.807
Cidade Dutra;65,77;65,64;65,67;65,54;63,61;65,36;63,35;62,29;61,96;62,28;60,07;60,85;58,84;57,37;115,42;119,24;121,73;118,2;113,74;115,23;116,24;115,82;116,3;115,58;112,99;112,68;112,89;105,5;107,95;107,18;116,87;114,93;121,4;124,65;123,77;123,77;119,74;125,59;166;104;79;0;187;6;6.358;7.222;7.729;7.040;8.120;19.795;6.090;5.804;8,69;8,79;8,88;9;9,12;9,24;9,14;9,26;9,38;12,01;11,27;11,44;0,16;0,71;6,16;10,89;7.635;10.608;11.126;10.399;10.498;10.332;12.569;10.886
Cidade Líder;64,96;65,23;64,78;64,15;63,44;63,88;62,92;61,59;62,3;61,32;60,59;60,4;61,02;58,93;83,15;84,22;83,74;83,09;79,64;82,89;83,48;86,5;86,96;87,64;85,6;83,89;77,85;71,72;72,14;71,97;78,62;75,93;80,39;88,07;87,58;87,07;81,25;89,43;20;25;7;0;8;0;5.035;5.252;5.835;4.513;5.081;9.587;3.504;2.796;6,58;6,66;6,76;6,87;6,97;13,85;7,17;7,3;7,43;7,55;8,83;8,99;0,16;0,59;10,27;14,62;5.786;7.398;7.448;7.405;6.261;5.997;6.210;4.711
Cidade Tiradentes;58,87;57,39;56,89;57,71;54,31;54,05;55,32;53,6;54,57;52,45;52,18;52,14;51,54;51,65;103,1;103,29;99,52;101,91;96,18;97,31;97,63;98,33;101,25;103,52;101,48;98,45;96,72;87,38;84,58;87,12;93,81;90,94;95,03;96,21;99,03;98,95;96,19;102,1;134;176;24;0;4;2;12.574;13.179;13.978;10.490;13.988;26.832;9.799;9.096;4,09;4,18;4,27;4,37;4,47;3,65;4,56;4,74;4,86;5,45;5,45;5,59;0,55;0,9;7,49;13,11;15.173;18.353;17.662;17.726;18.400;17.694;15.322;13.266
Consolação;79,51;79,51;79,83;79,17;77,22;76,44;79,67;78,24;78,33;77,67;76,65;75,98;75;76,63;153,62;167,61;214,1;221,35;219,92;231,25;237,23;232,35;230,6;220,42;220,73;233,21;168,56;165,33;211,07;218,63;241,19;219,98;243,19;233,04;231,93;219,09;220,34;240,49;286;260;165;159;175;167;173;165;174;93;155;313;73;62;0;0;0;0;0;0;0;0;0;0;0;0;0;0,19;0;0,3;226;306;255;148;184;119;116;96
Cursino;73,67;73,02;73,92;72,37;72,98;70,82;70,29;71,31;70,42;70,37;68,98;69,4;69,34;67,67;77,47;77,2;82,35;84,69;82,42;86,11;90,24;94,32;94,72;98,77;98,91;99,99;74,69;67,54;71,69;74,33;83,07;80,61;88,44;92,05;91,67;95,72;96,17;97,24;43;10;2;0;12;24;1.668;1.832;1.889;1.463;2.097;4.256;1.402;839;6,36;6,41;6,47;6,53;6,59;6,52;6,72;6,8;6,88;7,77;6,61;6,69;0;0,21;2,17;2,11;2.095;2.598;2.451;2.345;2.535;2.249;2.282;1.490
Ermelino Matarazzo;65,27;65,61;63,5;63,95;64,37;64,8;62,15;61,64;62,53;62,36;62,79;61,68;60,09;59,02;106,6;109,06;109,98;108,27;104,31;105,7;105,79;109,5;109,76;107,89;108,61;106,86;101,56;93,69;95,03;95,66;103,36;94,78;100,28;102,68;102,77;100,49;106,99;101,41;237;212;148;0;90;15;5.754;6.573;6.851;5.285;6.072;11.457;4.634;3.722;8,59;8,69;8,8;8,92;9,03;8,58;8,18;8,31;8,55;8,68;8,85;9,28;0,03;0,24;7,77;16,32;6.469;8.113;8.703;8.807;7.314;7.159;7.421;5.856
Freguesia Do Ó;70,43;69,86;70,42;67,95;69,23;69,18;69,2;67,87;67,1;65,35;67,05;65,64;66,1;64,9;145,95;150,71;152,87;154,29;151;152,75;156,22;153,87;153,67;153,14;155,13;152,88;140,82;129,87;130,38;132,27;144,31;154,12;165,63;166,59;163,25;159,21;149,19;163,28;101;52;80;0;16;19;2.966;3.470;3.605;3.318;3.983;7.119;3.069;2.197;4,01;4,03;4,05;4,07;4,09;4;4,13;4,14;3,4;3,4;3,8;3,82;0;0,07;1,58;1,85;3.629;4.654;4.685;5.461;4.653;4.738;4.923;3.633
Grajaú;59,92;58,97;57,68;58,54;56,45;56,18;56,17;55,46;55,14;55,8;53,42;54,16;52,01;49,97;109,09;111,46;111,8;110,24;105,63;108,56;109,83;111,23;112,62;111,73;111,02;107,14;102,89;93,26;93,36;94,64;102,6;96,76;100,55;101,52;101,29;99,4;99,93;100,5;157;89;49;0;0;5;21.639;24.220;26.101;19.113;21.659;44.284;15.370;13.522;13,52;13,75;14,01;14,28;14,55;15,25;15,12;15,44;15,76;18,04;18,64;18,98;2,64;5,56;27,46;61;23.212;32.250;34.430;29.605;26.441;25.369;27.404;23.445
Guaianases;60,96;62,77;61,16;59,28;59,14;59,77;59,05;57,22;59,05;57,42;55,97;59,22;55,81;55,98;97,7;100,34;100,81;99,3;93,23;97,02;97,27;96,13;96,1;97,35;93,98;91,46;92,59;84,79;85,24;86,38;93,4;89,68;93,19;93,82;119,94;92,35;92,18;92,94;199;187;29;0;5;5;5.255;5.763;6.212;4.991;6.095;12.881;4.472;3.565;2,92;2,97;3,01;3,06;3,11;3,16;3,06;2,49;2,34;2,38;5,68;5,77;1,51;0,75;13,11;19,61;5.262;7.702;7.943;7.764;7.900;7.331;7.736;5.993
Iguatemi;59,72;59,33;58,5;58,79;57,49;53,11;55,64;54,17;57,29;54,99;54,52;55,76;53,24;52,54;112,57;114,86;116,88;110,04;106,57;106,32;107,98;110,49;110,47;111,45;110,02;109,73;107,65;97,65;99,94;98,54;110,69;107,01;46,43;45,35;96,46;41,08;36,78;110,12;1;58;0;0;0;4;9.156;10.596;11.908;9.028;12.128;18.073;7.031;5.189;7,14;7,29;7,48;7,67;7,87;9,58;8,29;8,52;8,77;7,34;8,63;8,88;2,04;3,83;14,21;29,52;10.046;12.949;15.145;15.796;13.993;12.809;10.261;7.653
Ipiranga;74,85;73,4;74,62;72,86;72,13;74,84;72,61;72,82;71,09;70,64;70,4;69,94;70,27;71;109,96;110,07;117,85;116,23;118,69;125,59;129,24;132,47;134,8;135,4;136,25;134,43;117,48;108,83;113;113,33;127,13;113,6;196;203,08;139,58;203,2;208,88;131,54;451;163;92;0;314;63;1.667;1.924;2.032;2.190;2.398;5.431;1.850;1.414;3,25;3,28;3,31;3,34;3,38;3,41;3,45;3,49;3,53;3,57;1,46;1,64;0,23;0,11;1,82;4,76;2.121;2.655;2.708;3.210;3.113;2.833;2.801;2.179
Itaim Bibi;78,39;79,01;79,9;78,99;78,25;79,64;78,95;76,91;76,04;77,2;78,45;76,85;76,83;75,23;70,77;75,84;83,95;91,41;95,61;103,8;109,58;115,19;121,53;128,18;135;143,14;69,6;67,29;74,62;79,26;87,02;97,11;189,48;198,19;154,85;212,69;241,27;147,09;57;59;50;0;25;109;239;340;342;207;232;631;161;138;0,75;0,75;0,76;0,76;0,77;0,77;0,78;0,69;0,7;0,71;0,72;0,73;0,12;0;0,16;0,3;333;432;469;257;288;278;373;310
Itaim Paulista;62,85;61,26;61,82;62,15;59,27;59,51;59,82;59,95;58,15;57,85;58,01;55,11;55,84;55,4;114,36;116,74;117,46;115,59;110,58;113,96;116,26;118,21;119,19;117,61;114,39;110,88;108,36;99,66;99,89;99,7;106,56;100,29;34,11;34,18;90,45;33,42;22,11;107,38;149;75;47;0;17;12;13.326;14.693;15.388;12.574;15.768;26.830;10.402;8.025;6,11;6,36;6,46;6,4;6,67;6,31;6,87;6,98;7,1;7,45;8,18;8,32;0,39;0,57;8,6;12,52;14.912;19.022;19.709;20.068;18.856;17.046;16.457;12.746
Itaquera;64,93;64,99;64,82;65,21;63,93;61,03;62,64;61,06;62,14;61,72;60;59,88;59,76;58,78;104,96;106,06;99,96;99,17;94,6;97,73;98,72;101,79;99,66;97,37;95,06;92,91;99,2;90,29;85,97;86,43;92,31;94,75;124,35;128,59;111,03;128,44;129,67;95,32;308;128;18;0;20;9;7.617;8.429;9.456;7.858;9.525;21.021;8.079;6.130;6,03;6,1;6,17;6,24;6,32;3,46;4,75;4,81;4,87;4,92;5,63;5,7;0,29;0,67;8,11;11,58;8.532;11.294;12.384;13.061;12.908;13.008;13.246;9.510
Jabaquara;71,07;70,34;70,89;68,73;69,73;68,43;68,91;67,01;67,89;67,77;66,76;64,97;64,67;64,49;82,11;85,07;86,44;86,52;84,92;85,98;90,8;91,28;92,98;93,45;92,63;91,77;81,95;76,28;76,95;77,91;85,66;83,66;107,36;110,47;92,47;107,18;99,87;94,58;345;244;290;0;239;41;6.068;7.213;7.657;6.516;7.537;15.585;4.958;3.510;16,42;16,55;16,71;16,87;17,03;15,92;17,36;17,76;17,95;17,88;19,58;19,78;1;0,28;8,31;9,11;7.919;9.581;10.104;9.742;8.820;7.896;8.302;6.040
Jaguara;71,56;69,39;73,39;73,94;71,9;73,08;73,58;67,03;70,16;69,49;69,55;68,31;67,53;69,16;170,97;174,98;67,73;66,73;168,39;63,26;168,64;165,25;162,75;161,06;161,17;166,73;148,45;136,55;53,15;54,32;150,07;157,83;186,31;194,8;87,5;189,95;245,06;75,67;12;4;27;0;10;3;328;346;373;300;324;930;232;222;2,67;2,68;2,68;2,69;2,69;2,7;2,7;2,71;2,09;2,09;2,1;2,1;0,28;0,29;3,19;9,79;352;524;482;432;417;383;501;416
Jaguaré;69,38;68,3;67,2;66,65;68,04;66,19;66,56;63,17;67,13;65,47;62,29;65,87;61,63;65,24;69,61;73,47;17,54;16,87;67,43;15,74;68,54;70,83;70,92;71,26;72,01;68,83;65,38;62,23;14,79;14,68;68,76;62,52;16,06;15,86;15,29;15,65;13,87;15,41;81;17;7;0;17;5;1.124;1.200;1.330;1.017;1.472;3.665;998;726;8,17;8,29;7,77;7,91;8,05;8,2;7,87;9,26;9,47;9,67;34,18;34,94;4,94;0,33;8,33;24,11;1.069;1.703;1.893;1.467;1.880;1.597;1.709;1.267
Jaraguá;61,85;61,18;61,44;60,63;59,54;58,27;59,24;57,89;59,3;57,86;57,05;56,66;54,51;53,84;117,13;119,28;67,99;67,33;115,29;67,34;120,71;121,65;117,75;121,11;119,72;115,7;113,19;103,55;60,22;59,69;114,96;112;16,7;16,29;53,28;14,66;8,74;65,19;30;9;6;0;6;3;9.255;10.131;11.433;8.558;11.366;18.211;6.758;4.613;13,63;13,89;14,2;14,52;14,85;20,79;16,85;15,27;14,21;14,04;14,44;14,79;1,95;1,3;13,29;15,28;11.968;14.166;14.322;13.812;12.999;12.533;10.405;7.720
Jardim Helena;62,97;62,4;61;61,38;61,08;61,54;59,8;60,15;58,17;58,13;58,01;57,74;56,96;56,7;101,58;101,9;275,2;287,75;97,62;308,74;101,62;103,18;104,03;104,66;102,62;99,94;96,76;86,71;242,21;254,83;96,27;100,91;724,74;749,95;480,95;820,57;855,6;436,11;36;20;12;0;8;1;8.557;8.035;8.605;5.995;9.753;18.722;8.263;5.824;12,31;12,45;12,59;12,73;12,87;13,01;13,05;13,16;13,53;13,64;6,05;6,11;2,32;5,47;16,32;24,46;8.862;12.174;10.854;9.931;12.525;12.531;12.931;8.893
Jardim Paulista;81,8;80,1;80,12;79,76;79,39;79,34;78,19;78,91;78,18;78,76;77,42;77,03;76,39;78,14;62,11;63,98;12,33;12,42;71,36;12,67;79,78;79,43;78,94;80,55;80,74;81,44;61,15;62,32;11,25;11,16;71,42;72,52;49,89;51,44;21,43;53,04;53,57;10,88;212;123;99;0;82;176;112;106;85;61;1.594;1.473;85;118;0;0;0;0;0;0;0;0;0;0;0;0;0,18;0,32;0,09;2,17;184;227;124;87;1.931;1.184;147;174
Jardim São Luís;63,23;62,48;62,35;62,39;59,76;58,74;59,97;56,9;58,64;58,26;57,96;56,32;57,09;56,21;94,01;98,11;325,17;326,14;98,06;314,67;103,9;106,74;107,66;108,84;107,2;104,82;92,35;85,52;285,73;286,73;96,48;96,04;73,74;70,38;255,02;65,03;35,26;321,62;118;26;13;0;5;15;10.433;13.387;15.733;14.631;14.294;29.315;9.801;8.686;20,55;20,88;21,08;21,47;20,84;21,18;22,61;23,02;23,9;24,45;25,04;25,57;0,19;1,32;9,34;11,8;12.008;16.046;20.771;23.826;19.506;17.457;18.514;15.534
Jardim Ângela;58,75;59,39;58,82;55,95;55,23;55,16;54,57;53,1;53,6;53,9;53,12;51,94;51,21;49,01;95,61;96,81;251,16;251,43;92,19;244,57;96,46;101,22;102,54;103,38;103,29;100,85;92,9;84,12;215,49;218,15;92,83;86,38;173,86;167,92;215,25;157,74;153,39;222,26;25;25;0;0;0;0;18.109;17.827;20.199;14.146;21.412;38.525;13.058;11.197;19,41;19,83;20,32;20,82;21,34;16,45;19,43;20;20,52;22,57;16,87;17,36;2,02;4,29;21,21;37,49;20.238;27.645;26.857;22.739;26.742;23.584;24.163;19.914
Jaçanã;67,1;67,44;67,76;66,69;67,94;66,33;66,81;66,18;66,86;65,23;64,2;64,55;63,22;64,52;145,87;143,4;663,06;660,55;134,85;674,14;134,62;137,23;136,98;135,93;133,5;128,71;134,39;122,87;563,02;577,74;127,5;102,32;917,99;922,45;669,56;889,51;912,67;506,8;236;161;158;0;23;9;3.677;3.992;4.313;2.902;3.578;6.643;2.058;1.739;8,24;8,31;6,98;7,05;7,12;7,19;6,23;6,3;6,19;5,94;9,04;7,58;1,3;1,41;9,42;9,8;4.145;5.433;5.556;4.925;4.141;3.832;3.423;2.679
José Bonifácio;65,24;63,58;63,15;63,67;61,47;62,77;61,92;62,27;61,63;60,97;61,25;60,48;60,11;60,26;84,22;83,89;98,18;98,89;93,48;95,37;96,08;100,86;103,1;105,82;107,18;106,45;84,33;36,12;86,47;88,86;95,56;86,81;201,4;209,52;122,72;205,23;222,81;104,93;142;99;11;0;8;1;3.765;3.675;3.985;3.025;4.904;9.579;2.833;2.381;1,25;1,27;1,29;1,32;1,34;1,46;1,39;1,38;1,41;1,44;1,69;1,73;2,4;2,02;7,11;6,24;4.424;5.701;5.325;4.935;6.152;5.670;5.141;4.041
Lajeado;61,87;59,99;60,78;58,34;58,04;58,73;57,25;55,9;55,18;56,4;56,49;56,93;57,07;54,39;82,27;82,61;81,26;80,07;77,05;79,07;81,45;83,45;83,61;83,05;81,9;78,58;82,6;73,55;73,1;73,65;79,21;79,99;71,37;72,95;47,27;72,8;68,29;84,02;192;86;48;0;14;2;9.659;10.983;11.863;9.866;11.928;23.892;8.546;7.068;7,06;7,17;7,3;7,42;7,55;7,57;9,78;9,68;9,9;10,08;9,75;9,93;1,06;0,7;12,49;19,69;11.299;14.832;16.213;16.187;15.652;13.905;14.497;11.418
Lapa;79,16;78,55;77,96;77,25;76,39;76,75;76,74;74,56;76,89;76,2;75,65;75,05;75,61;76,18;131,01;130,5;133,39;135,82;132,63;140,32;143,67;144,8;146,19;138,03;146,21;150,49;145,83;134,7;140,69;147,3;160,85;139,81;150,96;159,02;149,99;158,25;189,72;185,49;297;305;97;0;68;65;742;1.308;1.358;1.112;431;1.138;207;155;0,51;0,51;0,51;0,51;0,52;0,52;0,52;1,13;1,14;1,15;1,15;1,16;0,16;0,05;0,4;1,55;1.051;1.201;1.753;1.466;544;456;426;345
Liberdade;75,34;74,89;73,53;73,93;73,88;74,16;71,51;72,35;71,96;71,66;71,13;70,26;70,68;71,15;69,2;76,27;78,11;80,65;80,26;84,43;88,1;93,26;95,3;99,41;101,28;99,84;74,18;72,53;76,05;78,26;87,51;94,23;102,94;102,98;157,37;105,42;96,8;122,44;429;339;175;615;414;736;785;988;1.074;703;872;1.519;520;387;0,28;0,28;0,29;0,29;0,29;0,3;0,3;0,3;0,31;0,31;0,32;0,32;0;0;0,08;0,16;1.105;1.393;1.483;1.292;1.024;794;813;665
Limão;71,15;70,56;70,85;69,09;67,87;66,29;68,79;67,76;66,91;68,12;66,53;65,81;63,87;63,65;99,83;104,24;106,65;109,78;108,66;113,26;117,33;119,63;118,5;118,76;120,03;115,63;92,6;86,85;89,37;87,36;103,3;100,72;109,57;112,07;116,66;111,71;108,06;109,83;137;38;23;0;21;2;2.162;2.319;2.310;1.603;2.192;4.055;1.487;1.081;8,25;8,29;8,34;8,39;8,43;9,86;8,53;6,11;6,16;4,91;4,72;4,74;0,18;0,14;3,64;6,57;2.506;3.324;2.984;2.395;2.531;2.222;2.637;1.999
Mandaqui;72,9;72,8;71,9;70,06;72,59;71,33;69,73;70,3;68,95;68,39;68,09;66,63;68,09;66,17;87,57;92,3;93,2;87,94;90,4;94,42;95,79;96,41;95,35;96,7;98,5;97,32;84,31;80,86;81,09;78,22;66,65;91,66;98,14;100,36;43,32;96,57;94,02;98,75;42;20;26;0;7;9;1.163;1.472;1.515;1.384;1.181;2.962;712;770;3,05;3,07;3,1;3,12;3,15;6,76;3,2;3,23;3,26;3,29;3,32;3,35;0,13;0,04;1,4;2,05;1.649;2.016;2.050;1.982;1.419;1.323;1.630;1.458
Marsilac;67,06;59,84;59,05;59,65;61,19;64;56,24;61,96;56,87;57,26;58,1;55,59;51,86;50,43;138,39;140,02;134,03;126,35;113,99;118,55;112,46;111,35;108,22;107,34;104,91;98,21;128,37;114,26;109,88;104,09;311,34;97,43;98,01;100,1;334,01;111,6;93,6;87,14;0;0;0;0;0;0;801;1.137;1.379;932;1.044;1.227;296;198;2,65;2,69;2,73;2,77;2,82;2,86;2,91;2,95;2,98;3,03;3,07;3,11;88,04;97,92;99,62;99,67;767;1.111;1.695;1.598;1.171;981;432;293
Moema;79,92;81,13;79,03;79,56;78,79;77,72;79,38;78,59;77,76;76,49;77,03;77,41;74,46;75,32;126,33;122,48;114,68;113,13;108,85;111,51;115,02;117,48;121,05;122,17;125,25;126,95;127,53;116,67;109,3;107,28;114,9;103,4;105,42;106,01;108,76;115,32;118,61;132,42;357;63;44;0;72;38;115;89;74;47;62;212;40;35;0;0;0;0;0;0;0;0;0;0;0;0;0;0;0;1,34;162;218;125;63;84;82;94;78
Morumbi;73,54;73,75;71,48;72,42;72,88;72,84;72,68;70,23;72,51;71,68;69,47;70,72;67,93;68,62;106,24;112,27;109,11;102,83;102,89;109,97;112,35;112,59;119,16;118,52;124,22;124,42;105,17;103,51;99,37;93,28;104,19;97,8;400,91;411,68;174,01;414,27;455,55;124,31;9;12;5;0;10;1;1.319;1.190;1.240;1.368;1.711;3.755;1.140;1.048;14,58;14,07;14,27;14,47;14,68;14,89;14,92;15,09;15,37;15,66;14,53;14,81;1,02;0,55;5,35;8,26;1.465;1.991;1.637;2.041;2.102;1.934;2.386;2.049
Moóca;77,74;77,06;75,77;77,34;76,48;75,4;75,11;74,86;73,76;74,59;75,04;73,68;72,96;73,42;80,75;82,35;81,21;85,11;84,1;88,23;91,7;92,73;92,43;94;98,88;101,74;90,18;82,91;81,77;84,74;91,01;89,95;86,46;87,5;265,45;90,21;94,01;113,98;1.511;1.317;1.359;159;1.280;1.061;2.002;2.004;1.918;1.552;2.957;3.910;536;1.194;0,17;0,17;0,17;0,17;0,18;0,18;0,18;0,18;0,18;0,18;0,19;0,19;0,22;0,15;0,77;0,43;3.255;3.489;2.853;2.553;3.577;3.061;921;1.512
Parelheiros;60,26;60,1;60,48;60,29;59,51;57,25;56,3;57,79;55,35;55,37;54,71;52,72;52,73;49,86;110,94;113,08;115,07;113,93;110,27;111,48;112,48;113,55;113,64;113,21;111,48;107,78;106,12;95,86;97,06;97,49;106,79;101,75;32,29;32,09;43,4;28,15;20,73;107,01;40;16;1;0;0;0;9.133;8.939;10.037;7.267;10.618;18.345;6.085;5.342;8,11;8,29;8,51;8,72;8,95;8,06;9,42;9,68;9,96;10,25;10,29;10,59;16,58;41,04;63,07;81,37;9.332;13.477;12.522;11.676;12.379;12.455;10.823;9.058
Pari;69,29;68,43;67,6;69,12;66,73;68,17;69,67;67,37;64,58;66,7;66,82;66,27;64,75;68,19;189,85;212,25;222,11;227,83;217,48;228,9;238,55;246,49;259,52;251,92;258,99;265,5;192,5;192,77;206,3;208,83;228;213,87;396,53;382,97;768,55;395,59;511,35;248,79;1.618;1.189;897;853;874;318;923;936;1.038;466;1.108;1.611;281;492;2,04;2,06;2,09;2,11;2,14;2,16;2,19;2,22;2,25;2,28;2,31;2,35;0,2;0,2;7,6;1,68;1.469;1.528;1.495;782;1.335;1.097;652;862
Parque Do Carmo;64,04;63,74;64,19;61,96;59,93;61,19;59,23;58,93;60,54;58,61;60,06;58;56,68;56,66;100,74;103,52;104,51;105,58;101,33;104,64;105,51;108,67;109,85;110,69;113,53;112,69;96,84;87,1;87,61;90,28;99,4;87,42;178,98;184,43;139,51;181,54;182,15;106,08;79;26;0;0;0;1;3.176;3.496;3.429;2.434;4.261;7.771;2.556;2.060;16,36;16,57;16,8;17,04;17,28;12,15;16,64;16,61;16,87;17,15;15,08;15,33;0,78;0,4;15,82;17,82;3.707;13.625;13.577;11.688;10.641;9.760;8.453;6.041
Pedreira;63,03;61,96;59,48;61;60,87;60,65;59,17;57,5;57,71;59,65;56,77;57,01;57,74;55,3;103,02;100,39;97,98;95,83;90,69;91,02;90,7;92,78;93,2;93,15;92,18;91,94;93,72;82,91;80;79,23;84,47;81,98;79,26;80,18;55,63;76,54;78,07;85,89;39;14;0;0;0;0;9.147;9.755;10.373;7.396;9.005;16.770;4.815;3.396;18,08;18,43;18,85;19,27;19,71;15,02;18,52;19;19,49;19,99;24,04;26,36;0,63;2,02;20,11;51,89;11.902;4.165;4.485;4.540;3.651;3.374;3.421;2.780
Penha;72,4;72,45;72,28;71,8;70,83;70,84;70,46;69,9;70,85;68,96;69,99;69,19;69,07;69,04;118,29;119,07;120,76;117,9;115,32;116,08;116,8;116,89;115,48;115,58;117,43;119,38;130,92;118,68;118,85;119,25;131,59;120,44;56,55;56,21;90,41;57,88;56,48;128,43;368;264;180;0;277;111;2.651;3.181;3.449;2.883;3.028;5.716;1.873;1.546;6,11;6,13;6,17;6,21;6,25;6,28;6,02;6,09;5,22;5,26;4,94;4,98;0,4;0,3;2,03;4,62;3.488;296;295;242;256;227;260;199
Perdizes;79,4;78,33;79;78,49;78,55;76,96;76,78;76,25;77,02;75,79;77,13;75,66;75,96;75,2;84,3;84,12;82,67;84,19;83,05;81,56;79,74;80,61;82,21;83,58;84,93;86,71;79,88;76,22;75,78;77,02;86,22;74,95;141,42;147,17;91,61;152,25;161,49;93,26;27;31;29;0;37;47;175;211;200;233;218;872;128;107;0;0;0;0;0;0;0;0;0;0;0;0;0;0,06;0,06;0,67;242;8.040;7.762;7.480;6.569;6.122;4.528;2.947
Perus;61,27;61,85;59,8;61;60,23;59,65;58,79;57,93;56,89;59,51;56,05;58,78;57,33;56,69;101,59;103,54;104,54;106,02;101,36;103,32;107,63;110,8;109,99;111,87;112,05;109,93;102,28;92,61;93,58;98,53;106,66;101,67;64,46;65,56;132,09;60,28;59,82;112,37;118;18;6;0;5;8;5.345;5.614;6.041;4.359;5.602;8.635;2.690;1.741;10,46;10,65;10,86;11,07;11,29;11,52;11,75;12;12,25;12,51;28,06;29,09;1,82;8,42;14,4;28,41;6.617;759;986;750;505;419;327;317
Pinheiros;78,77;78,38;79,38;79,2;79,64;79,72;77,71;77,08;77,62;76,99;76,79;76,63;76,26;74,83;124,44;129,49;128,37;132,14;129,01;130,18;132,74;140,83;138,72;134,74;139,14;137,13;138,29;134,3;135,71;139,02;154,13;137,07;353,31;387,48;274,17;397,06;474,28;165,51;273;238;134;0;236;202;450;667;718;483;391;897;177;197;0,08;0,08;0,08;0,08;0,08;0,08;0,08;0,08;0,08;0,08;0,08;0,08;0;0;0,07;0,97;745;5.677;5.659;5.665;5.559;5.778;6.706;4.908
Pirituba;68,5;68,88;67,86;68,57;67,71;67,68;66,23;66,59;66,35;65,84;65,35;65,67;63,33;63,37;100,32;104,49;104,68;105,44;103,27;107,55;109,84;114,19;110,9;112,16;112,71;111,49;97,52;91,46;91,14;92,36;101,94;85,02;55,4;55,96;59,6;55,02;51,83;99,47;38;37;11;0;12;13;3.586;3.866;4.537;4.075;4.644;10.440;3.684;2.512;6,77;6,82;6,88;6,94;7;6,89;7,13;7,19;6,72;6,79;6,48;6,55;0,26;0,2;5,51;7,54;4.302;3.842;3.625;2.997;3.371;3.201;3.543;2.815
Ponte Rasa;69,7;68,21;69,29;68,42;67,6;66,81;66,36;65,81;66,04;66,6;64,92;64,91;64,77;65,62;106,84;107,81;108,93;109,19;101,52;104,6;105,47;105,58;105,09;104,89;103,63;101,42;99,66;90,72;92,36;91,12;95,24;90,64;114,88;116,81;42,51;113,16;109,56;92,65;109;49;7;0;8;4;2.640;2.783;2.861;1.860;2.850;5.300;2.049;1.778;3,42;3,43;3,45;3,46;3,47;3,53;3,5;3,51;3,6;3,49;3,84;3,85;0,15;0,12;4,83;8,11;3.170;4.785;4.562;4.088;5.124;4.444;4.435;3.459
Raposo Tavares;64,48;64,56;65,61;63,36;62,1;61,79;61,78;63,29;62,5;61,34;60,77;60,21;60,75;58,99;88,94;94,56;95,59;92,29;87,03;88,85;87,72;90,85;85,25;93,04;91,29;88,82;88,46;82,01;84,82;84,12;94,36;90,82;19,64;18,99;87,52;17,17;7,89;94,87;163;138;0;0;0;3;3.123;3.158;3.264;2.881;3.411;7.835;2.264;2.206;11,08;11,22;11,66;11,84;12,01;12,09;12,21;12,56;12,77;12,99;12,95;12,85;0,07;0,77;5,01;6,61;3.745;4.874;4.423;4.052;4.198;3.657;4.849;4.112
República;68,92;67,11;68,09;68,08;67,71;65,13;65,11;67,39;65,41;66,63;65,59;63,27;65,75;64,7;20,84;21,48;21,38;22,38;21,49;22,93;24,93;23,84;22,48;30,41;33,08;30,56;18,02;16,6;16,94;17,7;18,86;19,94;297,36;301,85;490,87;308,48;330,17;25,39;2.656;1.806;923;1.207;1.770;796;2.263;3.161;3.562;1.099;2.340;4.324;1.000;978;0;0;0;0;0;0;0;0;0;0;0;0;0;0,13;0,15;0,27;3.279;3.829;4.872;1.574;2.865;2.225;1.370;1.478
Rio Pequeno;69,23;69,73;68,5;69,27;67,09;66,31;65,9;65,49;66,41;65,53;65,37;64,09;64,77;60,58;82,95;85,52;87,43;95,22;95,56;99,77;101,54;99,64;99,67;99,82;101,53;99,13;79,57;72,69;74,05;79,82;84,98;99,18;176,2;182,52;85,41;175,56;180,03;100,31;13;18;11;0;9;11;2.950;3.176;3.450;2.677;3.745;7.879;2.196;2.301;20,44;20,6;20,8;20,96;21,15;21,38;21,56;21,8;21,98;22,22;20,03;20,26;0,12;0,21;7,59;11,6;3.545;4.791;4.848;3.921;4.605;3.599;5.009;4.548
Sacomã;68,51;68,24;68,89;67,62;67,61;66,85;65,64;66,23;66,12;66,11;65;64,26;63,39;63,98;86,34;85,82;86,58;86,98;83,35;85,73;87,16;90,14;90,12;88,44;89,66;86,37;82,31;74,27;74,94;75,42;80,77;81,77;33,08;34,33;50,67;33,49;22,74;87,77;50;20;101;0;20;13;6.272;7.006;7.836;6.965;7.631;17.959;5.778;4.530;23,65;23,93;24,27;24,62;24,97;25,39;25,7;26,14;26,94;27,41;30,01;30,95;0,12;0,67;5,18;9,2;7.540;2.288;2.175;2.101;2.562;2.659;3.232;2.528
Santa Cecília;74,4;74,44;73,31;72,32;73,45;72,65;71,74;73,49;72,91;71,22;71,41;71,74;70,33;71,9;62,27;66,02;67,75;72,09;71,66;78,55;84,77;88,56;95,25;97,52;102,99;102,34;62,07;59,1;61,73;66,43;77,38;90,79;220,5;226,79;198,67;233,6;275,65;118,06;5.006;5.105;1.828;2.517;1.334;485;2.971;3.297;3.430;3.625;4.562;6.256;1.010;1.517;0;0;0;0;0;0,96;0,97;0,99;1;1,01;1,03;1,04;0,06;0,03;0,05;0,12;4.339;4.352;4.385;4.000;3.924;3.464;3.126;2.487
Santana;76,47;75,96;75,31;75,4;75,45;75,07;74,8;73,58;73,68;73,06;72,93;72,68;71,56;71,99;145,77;152,67;163,88;168,88;165,35;170,81;174,12;170,14;166,64;164,69;171,38;172,27;153,93;145,87;154,65;158,42;170,03;156,92;150,88;149,45;163,04;144,52;143,55;169,98;1.124;995;298;0;387;354;1.526;1.250;1.183;1.435;1.700;2.399;292;424;0,23;0,23;0,23;0,23;0,23;0,23;0,23;0,23;0,23;0,23;0,23;0,23;0;0;1,01;1,35;2.490;9.819;12.708;14.357;10.542;10.434;10.841;7.748
Santo Amaro;77,6;78,46;76,68;77,58;76,54;76,46;77,13;75,39;75,53;74,03;74,57;73,49;72,97;71,27;185,12;196,69;196,96;194,77;179,5;185,62;189,91;196,68;199,3;197,04;201,04;207,35;200,32;195,37;202,54;198,23;209,44;191,42;195,64;203,47;305,23;206,97;219,11;228,3;553;412;3;0;402;254;1.095;1.476;1.541;822;1.174;1.552;281;253;0,16;0,16;0,16;0,16;0,16;0,16;0,16;0,17;0,17;0,17;0,17;0,17;0,09;0,25;1,56;1,76;1.856;5.523;7.801;10.355;5.514;5.451;5.522;4.187
Sapopemba;64,95;64,68;64,06;64,14;63,55;62,3;62,62;62,1;61,03;60,71;60,05;59,54;59,27;58,4;78,67;77,78;77,94;78,96;75,23;77,75;78,6;80,86;80,91;81,25;81,61;81,19;74,56;66,54;67,21;69,04;74,14;71,47;16,43;16,39;24,19;16;5,76;81,61;44;17;32;0;20;11;13.267;13.073;13.890;12.342;15.032;31.533;12.226;10.695;19,01;19,21;19,42;19,63;19,85;20,06;20,26;20,51;20,77;20,85;20,06;20,7;0,36;0,47;7,38;10,31;15.644;2.540;2.204;2.083;1.877;1.366;2.638;1.935
Saúde;78,42;77,7;77,79;77,1;77,57;77,27;75,98;74,83;75,48;75,88;74,73;74,06;73,18;73,44;81,86;85,46;88,59;89,68;88,36;93,51;93,65;96,23;97,72;95,39;100,46;102,34;81,84;79,85;83,12;84,07;90,97;90,95;63,1;65,24;122,97;68,48;66,81;112,9;340;309;25;0;45;51;724;771;731;612;743;1.804;581;375;0,93;0,93;0,94;0,95;0,95;0,96;0,97;0,98;0,99;0,98;0,99;1;0,16;0,05;0,64;0,7;1.009;926;1.298;1.714;831;762;635;549
Socorro;71,85;74,7;74,46;70,83;72,3;73,04;73,35;70,61;71,14;69,19;68,74;68,19;66,82;69,32;160,84;174,69;184,8;206,69;201,12;202,36;199,63;198,86;193,79;203,01;206,07;208,21;157,82;149,72;156,5;172,73;172,45;169,68;459,18;471,41;365,6;454,78;488,62;191,91;17;12;10;0;14;6;522;925;1.037;1.262;646;1.836;431;356;6,16;6,16;6,17;6,17;6,17;6,17;6,17;6,18;6,18;6,18;6,12;6,12;0,17;0,25;0,27;1,51;752;1.897;2.083;1.269;1.436;1.042;442;405
São Domingos;70,9;70,45;69,94;68,26;68,98;68,25;68,4;66,52;65,76;66,52;62,66;64,66;64;64,61;86,03;86,23;83,93;83,52;82,62;85,02;87,52;93,29;92,72;92,76;93,99;92,94;79,33;71,07;69,89;69,93;76,73;90,41;206,81;214,68;173,17;216,76;229,79;100,73;32;25;19;0;4;10;1.394;1.543;1.707;1.520;2.097;4.607;1.669;1.305;12,11;12,21;12,32;12,44;12,56;13,02;12,8;12,94;13,06;13,2;13,3;13,45;0,39;0,6;12,21;20,79;1.756;12.358;10.649;9.542;13.533;13.728;12.332;9.442
São Lucas;71,48;71,89;71,08;70,92;69,68;69,11;68,96;68,62;69,12;68,9;68,04;66,45;64,96;67,51;88,9;90,54;89,47;89,51;85,95;87,9;89,27;91,34;91,15;92,35;92,84;92,58;83,49;77,79;77,69;78,52;83,72;78,53;115,09;119,61;140,87;119,47;144,59;89,11;36;16;14;0;14;10;2.807;3.072;3.334;2.514;3.306;6.056;1.981;1.703;4,34;4,36;4,39;4,42;4,46;4,49;4,52;4,56;4,6;4,64;4,55;4,68;0;0,16;3,68;5,02;3.659;9.719;10.279;10.633;9.940;9.152;9.173;7.253
São Mateus;67,17;65,55;66,61;65,33;64,64;63,05;62,9;61,36;63,29;62,74;61,33;61,43;60,48;60,25;111,72;115,44;116,89;125,61;120,81;123,95;124,98;125,84;121,64;121,07;117,91;115,54;106,17;97,86;100,31;107,01;110,92;107,61;108,47;109,82;130,66;105,77;105,41;117,09;267;213;158;0;156;21;6.382;9.184;10.169;9.249;8.365;17.633;6.727;4.855;6,11;6,17;6,23;6,28;6,34;6,4;8,32;8,45;8,54;8,62;10,84;10,94;0,16;0,33;5,1;12,07;8.066;2.616;1.616;2.226;2.048;1.545;610;673
São Miguel;66,73;68,1;65,88;66,44;66,18;65,64;64,8;64,9;64,4;63,26;63,25;63,51;61,57;61,09;170,2;181,33;191,54;196,3;192,23;201,77;208,26;207,78;198,23;200,79;192,64;190,97;166,45;156,31;165,17;169,9;190,1;145,21;225,42;231,9;118,21;228,51;250,63;155,1;332;161;138;0;108;22;3.835;5.721;6.210;6.371;4.304;8.376;3.117;2.544;2,9;2,91;2,92;2,93;2,94;2,95;2,96;2,86;2,57;2,57;2,57;2,57;0,43;0,4;9,39;12,34;4.319;19.322;17.870;18.621;18.421;17.775;18.582;15.901
São Rafael;60,23;59,82;61,67;60,27;58,76;57,31;58,18;57,83;55,61;56,98;55,5;56,98;54,37;54,53;99,97;100,34;96,85;95,52;90,67;96,41;97,04;100,1;101,71;102,87;103,46;98,7;94,46;86,39;83,89;83,56;93,84;90,7;52,56;53,2;31,31;53,09;44,22;98,47;20;197;3;0;0;3;8.370;7.751;8.326;6.115;10.519;21.925;7.593;5.840;9,33;9,51;9,72;9,93;10,15;9,52;8,69;44;23,69;24,28;14,06;14,42;7,65;4,93;20,87;26,63;9.645;1.161;1.004;854;888;852;901;650
Sé;66,16;64,69;64,92;62,08;60,29;63,52;62,05;65,84;62,2;63,97;68,01;63,35;62,57;62,27;30,86;33,24;36,81;45,32;56,51;66,79;68,66;70,53;81,02;86,9;82,39;69,13;31,35;26,27;27;32,08;53,72;55,51;631,08;610,84;733,67;603,7;628,11;78,99;2.149;1.539;1.448;1.239;1.334;820;1.494;1.488;1.411;1.087;1.536;2.301;660;1.001;0;0;0;0;0;0;0;0;0;0;0;0;0;0;0;0,22;2.260;4.714;4.953;6.088;5.567;4.620;1.564;2.138
Tatuapé;76,94;76,26;76,66;74,7;75,27;75,04;75,16;73,97;74,04;72,86;73,4;73,92;73,46;72,45;188,49;192,56;199,39;196,77;188,96;191,39;188,33;185,43;181,05;176,53;174,63;170;212,99;203,15;204,71;204,73;216,46;200,38;190,57;194,56;198,6;189,5;195,26;202,93;339;237;369;92;665;328;883;1.452;1.752;1.644;1.346;1.898;481;519;0,97;0,98;0,99;1;1,01;1,18;1,19;1,2;1,02;1,04;1,05;1,06;0,15;0,4;1,3;1,19;1.211;1.396;2.336;2.666;1.579;1.289;823;819
Tremembé;65,88;66,31;65,55;64,3;65,04;63,7;65,3;63,99;63,74;63,42;60,62;62,64;62,5;61;66,13;68,19;68,93;70,35;67,48;68,9;69,97;73,1;72,86;72,05;72,61;70,72;59,07;53,84;54,41;55,45;60,48;63,13;50,42;52,22;71,18;50,7;49,51;73,08;61;29;6;0;2;0;7.354;7.254;8.448;6.235;7.552;12.945;3.210;3.415;10,68;10,85;11,06;11,28;11,5;11,67;12,22;12,49;12,77;13,05;12,44;12,72;2,03;3,48;15,78;23,43;8.498;11.455;11.187;10.044;9.002;7.607;6.870;6.368
Tucuruvi;75,16;74,37;73,95;74,62;73,56;74,27;72,93;72,04;72,22;73,03;72,04;69,85;70,48;70,6;162,61;166,36;164,77;161,58;156,79;164,73;162,46;163,63;166,66;165,37;168,91;165,11;165,89;154,16;153,84;153,83;171,25;164,59;217,96;223,2;131,47;231,93;246,46;166,39;66;19;10;0;12;8;865;940;925;668;673;1.789;379;424;0,71;0,71;0,71;0,71;0,71;0,72;0,72;0,72;0,73;0,73;0,74;0,74;0;0,08;4,77;4,06;1.201;1.473;1.274;1.011;840;741;928;862
Vila Andrade;66,73;63,85;64,45;64,16;62,44;61,57;59,82;58,9;58,09;59,09;58,86;58,99;57,48;55,9;82,36;80,58;77,25;73,68;72,01;72,43;70,78;75,27;76,9;78,47;79,24;78,57;80,43;70,65;67,14;65,06;69,05;65,54;53,16;51,32;39,26;57,02;60,41;73,2;114;7;2;0;5;0;3.702;4.340;4.786;4.117;5.053;11.287;2.687;3.070;32,69;33,56;34,66;35,8;36,99;39,22;39,44;41,61;43,47;45,42;47,36;49,47;0,44;0,38;6,84;25,43;4.162;5.781;6.243;6.206;6.743;5.563;6.725;6.535
Vila Curuçá;65,34;63,89;62,8;63,71;61,81;61,77;60,88;59,97;62,12;60,4;59,48;58,45;58,71;57,29;110,83;111,95;110,92;109,87;103,65;105,18;104,1;106,4;107,87;107,17;107,36;104,8;101,5;92,76;91,25;90,71;97,41;94,8;39,51;38,33;80,8;36,47;27,89;104,57;37;9;34;0;46;0;6.825;7.594;7.933;6.983;7.703;17.142;6.565;5.153;6,65;6,5;6,59;6,93;6,78;7,69;6,81;7,12;7,22;7,32;10,04;10,18;0,44;0,66;5,89;12,82;8.006;10.272;10.441;11.275;10.351;9.929;11.334;8.568
Vila Formosa;73,65;73,06;73,56;72,5;72,33;70,1;72,25;69,88;70,65;71,75;68,98;68,68;69,9;68,51;104,65;109,01;114,51;114,5;110,34;112,65;111,99;109,9;107,57;107,56;109,36;104,21;108,62;101,47;105,5;104,37;112,76;107;188,43;188,11;85,87;188,21;182,71;104,24;39;16;17;0;11;6;1.827;2.158;2.224;1.862;1.617;3.388;1.041;898;0,9;0,9;0,91;0,91;0,92;0,92;0,93;0,93;0,94;0,95;0,96;0,97;0,07;0,18;0,47;2,57;2.284;2.673;2.838;2.847;1.949;1.662;1.913;1.555
Vila Guilherme;73,62;72,75;73,96;73,03;72,58;72,13;73,19;70,47;70,58;71,8;70,58;70,72;68,73;69,07;90,94;91,16;94,17;97,97;95,14;98,7;98,74;96,62;94,88;97,19;103,2;104,41;94,78;86,3;87,92;92,45;102;98,63;83,93;85,86;209,95;87,42;74,46;119,14;760;25;732;0;20;21;996;1.604;1.658;651;776;1.555;400;321;2,08;2,09;2,11;2,12;2,14;2,16;2,18;2,2;2,22;2,15;2,16;0,53;0;0,44;1,05;1,15;1.449;1.631;2.325;1.021;929;719;735;548
Vila Jacuí;62,96;63,82;61,91;62,05;60,7;61,82;60,05;59,19;61,34;58,17;58,37;58,92;59,41;57,71;102,57;100,66;99,77;98,1;92,91;91,76;89,79;88,58;89,7;90,84;89,33;87,98;96,05;87,2;86,69;85,43;90,6;91,04;77,35;80,14;77,62;78,7;76,83;96,7;49;15;6;0;2;6;6.651;6.151;6.559;3.869;7.144;14.145;5.725;4.475;4,74;4,81;4,88;4,96;5,03;5,11;3,72;3,78;19,31;19,63;20,14;20,47;0,06;0,55;5,68;20,11;7.061;9.644;8.509;6.356;9.463;9.670;9.476;7.085
Vila Leopoldina;75,94;75,1;76,38;75,3;75,3;73,21;71,43;69,18;69,13;73,4;70,91;70,07;71,63;70,81;64,92;66,84;70,04;71,93;74,99;80,43;82,2;88,78;92,02;103,41;108,6;112,15;82,48;75,58;80,74;79,17;89,58;100,21;354,6;362,68;413,58;383,72;430,6;121,29;444;402;224;0;266;86;342;395;423;337;422;908;194;159;4,44;4,49;4,57;4,65;4,73;4,82;4,9;5,02;5,15;5,27;5,34;5,48;0,17;0,52;1;1,74;398;562;589;506;499;480;416;327
Vila Maria;68,45;66,89;68,85;67,6;66,73;67,42;65,59;65,39;66,54;66,73;65,28;64,41;64,79;63,53;109,78;110,99;111,32;109,52;105,24;107,81;109,64;111,64;110,44;111,87;109,83;109,08;108,5;98,26;99,46;100,68;109,14;104,6;128,79;128,59;118,99;122,67;111,72;114,8;428;282;79;0;54;37;5.251;5.854;5.712;4.027;4.187;7.943;2.029;2.172;13,02;13,1;13,21;13,31;13,41;13,52;13,63;13,73;11,92;11,59;11,07;8,88;0,49;0,28;2,81;6,79;6.661;7.539;7.118;6.321;5.021;3.923;4.003;3.559
Vila Mariana;79,01;78,57;78,56;78,36;77,99;77,24;77,73;76,15;76,43;77,07;76,56;74,94;74,83;74,21;148,64;153,76;160,29;166,83;164,33;173,1;175,26;175,4;172,29;173,35;172;173,42;156,97;149,45;157,92;162,81;178,85;169,73;156,18;160,34;129,46;160,09;156,1;172;275;148;102;0;95;105;689;860;787;747;711;1.352;480;302;0,84;0,84;0,85;0,85;0,86;0,86;0,87;0,88;0,89;0,88;0,83;0,84;0,2;0,08;0,11;0,21;936;1.092;1.093;1.141;859;773;682;488
Vila Matilde;72,05;71,46;72,38;71,27;71,17;70,54;70,5;70,38;69,53;68,53;68,84;67,48;66,9;66,9;145,24;149,75;151,2;151,3;141,18;144,32;145,81;147,82;144,76;144,39;147,21;146,9;134,94;126,46;128,91;130,54;138,04;139,35;102,38;106,9;107,46;102,12;100,87;146,35;66;17;7;0;6;13;1.674;1.773;1.830;1.391;1.838;4.128;1.479;1.224;0,62;0,62;0,63;0,63;0,64;0,64;0,65;0,65;0,66;0,59;0,58;0,59;0,06;0,08;0,37;0,9;2.277;2.703;2.344;2.063;2.222;2.262;2.793;2.164
Vila Medeiros;69,4;68,66;69,89;69,24;68,01;68,7;67,79;67,42;66,87;65,87;66,28;65,57;64,8;64,75;100,65;104;105,11;104,89;103;107,29;108,26;109,31;110,22;109,28;107,4;103,79;92,57;84,77;85,72;86,08;94,08;94;84,81;87,5;78,25;84,85;75,47;94,74;50;20;19;0;8;6;3.560;4.013;4.196;2.934;2.686;5.866;1.582;1.654;2,98;2,98;2,99;3;3;3,01;3,02;3,01;3,02;3,02;2,85;2,85;0,35;0,18;5,1;7,08;4.231;5.343;5.324;4.604;3.219;2.664;3.064;2.861
Vila Prudente;73,25;71,46;73,34;72,01;72,55;71,37;70,77;71,49;72,1;70,34;69,87;69,53;70,51;69,31;110,43;111,91;115,02;112,15;107,56;111,56;113,83;116,3;114,82;111,67;112,97;110,94;106,19;99,28;101,31;98,7;107,67;104;95,65;99,89;171,86;97,22;82,98;116,58;267;230;203;0;160;46;1.916;2.862;3.550;2.050;2.346;4.173;1.243;981;5,24;5,26;5,29;5,33;5,36;5,4;5,43;5,47;5,52;5,56;5,25;5,28;0;0,1;1,95;3,47;2.637;3.116;4.553;3.380;2.782;2.328;1.963;1.599
Vila Sônia;73;69,11;72,03;71,28;71,86;69,5;69,98;70,8;68,62;69,11;69,5;69,65;67,31;66,65;73,45;73,32;78,13;78,87;78,17;80,36;85,76;90,23;89,54;93,3;95,7;95,04;71,71;65,26;71,29;72,13;78,94;83,47;150,16;159,06;46,72;161,33;174,14;103,59;7;9;1;0;5;14;1.982;2.819;3.297;3.735;2.773;6.802;1.702;1.652;22,74;23,04;23,42;23,8;24,19;24,71;25,05;25,57;26,09;26,64;21,14;21,59;1,22;1,39;10,52;7;2.412;3.153;4.505;5.301;3.393;2.915;3.143;2.781
Água Rasa;76,02;73,72;74,77;73,36;74,03;73;73,33;72,53;72,66;72,04;70,98;72,57;71,25;70,17;128,89;101,52;102,9;102,95;100,62;102,21;103,28;102,78;105,11;105,57;108,76;109,24;135,54;99,16;100,87;102,9;112,58;109,15;119,54;119,07;118,44;114,92;121,28;116,61;379;385;7;45;6;18;1.094;1.177;1.280;927;1.052;2.281;650;617;0,1;0,1;0,1;0,1;0,1;0,1;0,1;0,1;0,1;0;0;0;0,07;0,17;0,46;1,05;1.500;1.688;1.702;1.537;1.257;1.104;1.239;994
