Distrito;IMM2019;IMM2018;IMM2017;IMM2016;IMM2015;IMM2014;IMM2013;IMM2012;IMM2011;IMM2010;IMM2009;IMM2008;IMM2007;IMM2006;TUEF2021;TUEF2020;TUEF2019;TUEF2018;TUEF2017;TUEF2016;TUEF2015;TUEF2014;TUEF2013;TUEF2012;TUEF2011;TUEF2010;TUEB2021;TUEB2020;TUEB2019;TUEB2018;TUEB2017;TUEB2016;TUEB2015;TUEB2014;TUEB2013;TUEB2012;TUEB2011;TUEB2010;POPRUA2021;POPRUA2019;POPRUA2015;POPRUA2011;POPRUA2009;POPRUA2000;BF2020;BF2019;BF2018;BF2017;BF2016;BF2015;BF2014;BF2013;FV2021;FV2020;FV2019;FV2018;FV2017;FV2016;FV2015;FV2014;FV2013;FV2012;FV2011;FV2010;AGUA2010;AGUA2000;ESGOTO2010;ESGOTO2000;EXTPOB2020;EXTPOB2019;EXTPOB2018;EXTPOB2017;EXTPOB2016;EXTPOB2015;EXTPOB2014;EXTPOB2013;V2007;V2008;V2009;V2010;V2011;V2012;V2013;V2014;V2015;V2016;V2017;V2018;V2019;V2020;V2021;V2022;C2007;C2008;C2009;C2010;C2011;C2012;C2013;C2014;C2015;C2016;C2017;C2018;C2019;C2020;C2021;C2022
Agua Rasa;76,02;73,72;74,77;73,36;74,03;73;73,33;72,53;72,66;72,04;70,98;72,57;71,25;70,17;128,89;101,52;102,9;102,95;100,62;102,21;103,28;102,78;105,11;105,57;108,76;109,24;135,54;99,16;100,87;102,9;112,58;109,15;119,54;119,07;118,44;114,92;121,28;116,61;379;385;7;45;6;18;1094;1177;1280;927;1052;2281;650;617;0,1;0,1;0,1;0,1;0,1;0,1;0,1;0,1;0,1;0;0;0;0,07;0,17;0,46;1,05;1500;1688;1702;1537;1257;1104;1239;994;344;330;303;321;287;281;254;257;327;327;265;268;308;282;248;256;655;641;689;756;672;723;749;778;716;738;714;693;645;621;502;498
Alto De Pinheiros;81,48;79,85;80,03;78,1;80,17;78,45;79,48;78,96;77,1;77,41;75,6;77,75;76,58;74,92;181,87;187,66;187,75;185,79;176,46;182,3;178,17;168,74;161,94;160,43;160,74;159,58;171,1;161,41;163,22;161,91;163,92;169,1;180,77;171,59;161,3;154,65;147,21;160,25;3;4;12;0;9;16;78;59;66;70;64;245;49;48;0;0;0;0;0;0;0;0;0;0;0;0;0;0;0,1;0,32;112;136;102;90;86;89;117;99;91;82;91;94;93;101;93;96;106;100;87;93;141;111;107;87;253;241;275;269;251;212;236;215;191;175;189;182;159;166;141;100
Anhanguera;60,43;59,73;57,22;56,65;54,85;52,91;56,11;54,84;53,49;53,19;51,28;51,12;53,56;53,83;92,82;96,29;96,85;96,07;90,36;92,78;91,28;93,94;91,16;93,24;92,28;90,24;84,25;78,82;79,13;78,63;81,43;76,02;80,07;83,39;81,97;84,25;82,81;86,48;0;0;0;0;0;1;4300;4459;4915;3809;4531;6794;1828;1069;3,78;3,88;4,02;4,16;4,3;4,45;4,6;4,81;5,03;5,25;5,19;5,71;2,37;12,94;12,44;48,84;5136;6130;6182;5911;5014;4559;2479;1606;451;403;425;477;489;503;510;514;567;492;554;554;559;441;483;385;473;545;558;553;576;558;587;576;602;528;545;525;497;483;431;400
Aricanduva;71,1;70,72;69,79;70,16;69,38;69,63;68,27;67,09;68,03;67,87;65,87;65,82;63,78;65,29;131,08;132,96;132,24;126,73;118,51;119,99;122,71;125,03;124,88;121,36;118,77;115,25;122,72;112,19;109,88;106,48;112,46;109,83;117,69;126,5;121,54;118,55;110,5;118,1;293;164;15;0;10;22;2467;2478;2506;2044;2400;5173;1811;1594;1,06;1,07;1,07;1,07;1,08;1,08;1,09;1,09;1,09;1,09;1,1;1,1;0,16;0,08;2,14;6,72;3087;3574;3226;3080;2949;2675;3188;2588;490;507;477;487;485;500;464;476;501;479;419;487;455;423;421;354;687;695;738;696;670;750;692;691;723;678;676;690;612;639;534;472
Artur Alvim;70,31;69,25;67,85;67,2;66,53;67,14;66,56;65,85;66,33;65,93;63,35;63,76;64,32;62,28;129,18;130,14;126,89;124,95;118,05;121,89;122,9;125,15;124,64;124,99;123,72;119,05;130,31;117,43;113,32;115,74;122,89;104,13;111,67;114,36;114,17;112,51;119,19;112,3;139;55;18;0;9;7;2784;3104;3231;2960;3384;7521;2955;2238;7,32;7,34;7,36;7,39;7,41;6,33;7,46;7,49;7,5;7,53;7,55;7,58;0,05;0,18;4,33;9,55;3556;4288;4224;4538;4144;4256;4889;3734;578;651;599;610;575;623;615;594;592;625;593;603;520;513;459;407;812;809;805;762;799;769;724;746;737;679;649;652;660;532;510;438
Barra Funda;74,17;74,11;74,95;74,53;71,71;77,49;75,16;72,7;71,57;73,47;72,73;72,05;70,78;68,4;218,75;226,39;190,57;155,57;159,47;166,99;175,97;176,66;172,94;179,24;181,71;182,92;204,36;585,51;166,09;133,67;119,28;136,11;150,44;145,8;138,08;136,56;118,66;134,58;201;124;998;0;88;101;143;125;112;163;296;714;204;168;1,06;1,08;1,09;1,11;1,13;1,14;2,02;1,17;1,19;1,21;1,23;1,24;2,56;0;4,52;4,49;207;244;160;219;348;326;393;331;98;89;87;72;68;88;97;89;131;113;128;124;121;111;128;103;97;109;105;139;150;163;223;272;259;267;273;271;258;232;219;201
Bela Vista;72,15;73,07;73,73;74,52;74,21;72,26;73,65;71,25;74,49;72,08;72,28;72,14;70,7;71,22;41,46;48,3;52,15;55,85;56,1;60,97;65,71;67,65;68,54;69;68,56;70,71;55,03;55,08;56,97;60,89;67,37;72,89;83,13;91,63;85,5;85,12;74,74;95,3;476;411;909;675;263;152;1387;2422;2906;2449;1184;2460;552;609;0;0;0;0;0;0;0;0;0;0;0;0;0,77;0,09;0;0,24;2148;2508;4058;4347;1440;1345;1059;1090;358;382;336;332;313;281;311;266;332;275;275;288;254;194;190;147;531;580;563;597;578;540;546;532;522;481;503;485;363;316;266;245
Belem;70,61;70,27;72,35;71,97;69,61;71;72,25;69,38;69,83;71,14;69,58;67,87;67,55;70,36;123,38;127,37;129,85;140,78;144,6;153,72;157,82;150,69;148,47;149,88;142,1;139,78;114,19;103,81;109,64;116,8;134,02;141,56;155,26;150,63;148,98;150,06;131,53;144,16;758;755;269;64;171;80;4400;6013;6165;4211;2734;2194;626;509;3,75;3,78;3,81;3,85;3,88;3,92;3,95;4;4,05;4,09;4,14;4,19;0,29;0,05;1,05;4,43;7136;7022;7903;6586;3288;1346;992;824;523;554;571;581;589;585;495;513;499;501;503;501;464;413;412;354;444;430;413;491;497;439;486;512;531;490;484;453;451;418;359;324
Bom Retiro;68,88;68,43;68,94;68,79;69,82;67,11;68,89;67,7;68,46;66,71;67,74;66,26;67,23;63,5;80,19;86,68;87,35;81,09;86,08;89,85;90,32;88,74;85,17;90,97;95,74;103,57;91,51;86,78;87,07;83,15;96;90,28;97,7;100;100,18;107,28;99,8;118,97;1251;1334;742;343;455;157;1961;2201;2283;2261;1767;2596;745;677;2,86;2,9;2,95;3;3,05;0;0;0;0;0;0;0;4,09;0,49;5,7;2,73;2999;3226;3059;3792;2033;1625;1032;989;347;345;353;292;291;288;280;300;266;293;276;306;275;240;244;225;216;188;220;262;243;264;250;224;232;254;271;258;234;227;218;180
Bras;61,37;65,65;66,47;67,05;63,18;61,19;65,01;61,75;64,46;63,53;61,6;63,19;63,26;60,48;88,92;96,71;99,76;104,6;94,03;99,84;104,36;103,18;108,06;113,17;116,27;121,97;95,41;84,97;85,59;93,7;96,83;95,38;107,31;106,28;110,05;112,73;114,59;124,82;1206;889;733;2328;810;971;1180;1290;1403;988;1349;2072;404;604;0,18;0,18;0;0;0;0;0;0;0;0;0;0;0;1,59;0,24;0,51;1611;1779;1871;1653;1632;1414;737;871;322;336;291;305;330;332;304;304;315;278;322;331;353;320;311;259;275;237;253;257;263;252;246;257;225;222;206;256;312;292;239;260
Brasilandia;61,02;60,21;61,04;61,16;58,87;59,35;58,12;58,27;58,24;58,05;57,11;56,43;56,2;54,89;83,69;85,39;86,92;87,62;84,38;87,99;88,72;92,49;96,27;95,67;93,1;90,07;81,84;73,6;74,15;74,98;83,59;77,91;83,94;86,81;88,08;87,37;86,32;90,24;64;65;19;0;8;5;13127;14441;15597;12420;16724;34338;13176;12058;25,06;25,41;25,79;26,17;26,56;22,25;27,36;27,9;24,76;25,77;24,02;23,74;1,33;1,38;12,4;13,29;14434;19169;19584;20161;21228;21270;21372;18030;2876;2891;2895;2887;2928;2794;2661;2777;2903;2881;2761;2741;2579;2392;2147;1801;2149;2158;2124;2022;2089;2234;2252;2070;2140;1970;2008;1900;1770;1729;1513;1413
Butanta;77,05;74,45;77,61;78,07;75,2;76,47;74,5;73,88;74,62;73,62;73,48;72,92;73,25;71,43;245,81;250,85;251,35;252,36;244,99;254,7;259,51;264,04;262,79;259,54;252,95;248,04;214,12;206,99;202,1;202,04;216,2;135,1;145,22;147,59;147,62;150,2;211,09;166,95;71;29;36;0;21;10;450;481;403;476;837;2278;498;558;1,31;1,31;1,32;1,33;1,33;1,11;1,35;1,36;1,37;1,38;1,39;1,4;0,3;0;0,89;2,17;634;847;557;698;1056;954;1123;1068;206;229;218;211;209;208;194;193;218;194;183;186;205;205;186;173;413;389;387;349;357;344;341;354;347;302;320;238;298;268;274;259
Cachoeirinha;64,3;63,41;63,87;63,65;61,82;61,5;62,05;61,71;62,63;62,1;60,23;60,11;59,31;56,88;96,97;98,23;98,32;97,51;92,79;94,93;96,46;97,76;98,01;95,85;95,23;93,14;90,72;81,31;80,92;84,97;88,52;87,47;91,25;94,25;94,12;91,57;90,92;92,35;126;72;10;0;13;1;4268;4688;4813;4330;4881;11896;4403;4389;20,02;20,24;20,46;20,68;20,9;18,61;21,36;21,02;21,24;20,04;20,19;20,99;0,74;0,26;8,93;15,85;4064;6714;6175;6646;6538;6700;7916;6862;1410;1472;1433;1417;1394;1395;1331;1410;1428;1386;1436;1487;1272;1206;1053;857;1239;1229;1312;1242;1306;1288;1306;1286;1275;1269;1187;1194;1072;1054;927;820
Cambuci;74,17;71,64;73,73;75,13;72,64;73,29;74,1;71,78;73,18;74,2;72,46;71;69,93;71,1;110,51;115,97;118,3;103,42;116,19;116,32;117,78;122,85;120,94;118,98;122,54;123,38;99,55;94,75;94,79;85,62;102,43;77,18;83,38;84,22;84,47;84,34;108,78;68,21;598;250;112;77;53;74;806;744;801;534;723;1329;383;304;0;0;0;0;0;0;0;0;0;0;0;0;0,25;0;0,65;0,3;1090;1240;1074;878;849;783;661;509;226;201;236;218;200;181;177;181;202;176;173;202;195;173;198;184;340;334;358;342;362;320;339;341;356;311;311;307;302;279;284;270
Campo Belo;78,69;76,43;76,72;77,62;75,64;77,07;76,51;75,14;74,67;74,4;74,61;73,05;73,19;71,79;96,23;99,76;103,01;104,3;99,01;104,13;102,86;106,59;106,97;108,43;104,64;105,51;87,16;82,69;82,61;81,15;84,24;81,91;87,55;88,78;89,18;90,6;86,72;95,98;303;132;69;0;70;65;674;695;717;577;744;1712;587;534;9,14;9,13;9,13;9,14;9,14;6,43;9,15;10,32;10,32;10,34;7,11;7,13;0;0,73;1,6;5,19;890;1080;936;870;925;972;1032;885;274;229;263;256;240;243;206;233;242;255;257;309;287;287;259;223;477;489;510;550;548;521;561;545;559;487;461;457;494;390;391;339
Campo Grande;71,64;72,5;71,64;72,46;70,68;69,64;70,25;68,22;68,91;68,47;69,32;67,32;65,87;64,84;111,99;117,17;113,44;115,73;113,78;117,01;118,34;119,95;119,48;120,63;122,96;124,31;106,89;102,51;102,31;103,91;112,26;111,46;119,55;126,53;122,58;124,7;118,78;118,76;234;195;3;0;15;10;1201;1266;1183;825;1036;2734;857;785;3,73;3,77;3,81;3,86;3,91;3,82;3,95;3,76;3,82;3,88;4,05;4,13;0,38;0,04;4,85;5,96;1606;1901;1616;1215;1335;1322;1622;1384;427;430;362;354;310;379;365;373;431;363;389;391;410;329;300;289;753;776;797;847;849;871;911;925;920;825;806;753;740;704;596;591
Campo Limpo;62,86;63,81;62,21;60,76;61,4;58,67;59,08;59,14;58,29;58,62;59,94;58,13;56,57;57,35;110,74;113,34;113,16;109,29;104,32;106,62;108,87;111,23;111,44;111,66;109,71;109,43;105,88;98,06;98,27;99,33;106,53;97,84;101,65;105,54;101,64;101,52;104,8;110,72;82;59;23;0;15;1;8106;9249;9768;8448;8152;21745;6788;7384;21,74;22,06;22,44;22,83;23,23;22,12;24,1;22,94;23,39;23,87;23,41;23,87;0,6;0,41;10,64;15,49;9351;12376;13181;12719;11513;10076;12913;12263;1649;1713;1660;1744;1772;1748;1719;1685;1803;1718;1795;1692;1633;1537;1480;1222;1735;1743;1930;1934;1894;1884;1833;1920;1928;1772;1880;1769;1819;1553;1446;1234
Cangaiba;67,58;67,57;67,5;66,12;66,6;64,37;64,83;64,3;64,6;63,21;62,74;63,93;62,35;62,85;106,34;109,38;109,83;109,42;104,25;108,18;108,48;108,93;107,65;107,39;105,11;102,19;102,07;93,21;93,64;95,06;102,26;103,08;108,25;111,19;109,84;109,57;101,7;109,86;10;23;0;0;1;2;4487;4414;4532;4149;5755;12241;4829;3385;10,77;10,85;10,95;11,05;11,15;10,79;10,31;10,41;10,15;10,24;10,43;10,53;0,3;0,27;9,08;7,72;5269;6636;6050;6591;7533;7563;7917;5737;934;1057;1002;1027;1105;1107;1032;1120;1212;1037;1153;1141;1027;966;939;787;1070;1109;1061;1189;1094;1114;1147;1144;1092;1019;1061;992;1013;1007;898;731
Capao Redondo;62,2;60,78;61,46;60,09;58,97;58,3;59,08;56,92;57,85;56,64;57,76;55,77;55,65;53,03;111,76;114,48;116,57;119,48;116,36;119,8;121,91;123,87;124,3;123,67;121,62;116,22;104,94;96,57;98,2;100,78;109,79;104,66;113,74;115,65;117,37;115,54;111,74;108,26;152;70;14;0;2;5;11055;12712;14262;12578;15632;35594;13134;11713;21,11;21,46;21,88;22,3;23,79;27,65;23,4;23,44;23,4;23,89;26,16;26,75;0,25;0,7;12,49;20,19;11608;16539;18969;18315;20656;20099;21914;18223;2343;2325;2349;2341;2365;2352;2302;2367;2384;2376;2307;2221;2089;2049;1902;1553;2155;2163;2170;2162;2237;2179;2203;2195;2167;2046;2007;2027;1878;1701;1482;1295
Carrao;74,92;73,98;74,1;73,93;73,4;72,13;72,96;72,79;71,66;71,85;71,28;71,72;70,81;68,55;99,88;102,78;104,01;104,15;102,6;106,8;107,35;108,93;108,5;107,89;111,77;112,84;92,97;86,94;87,85;87,29;93,77;96,43;103,36;105,38;103,73;101,21;96,18;108,43;75;98;24;0;46;44;1011;1073;1022;837;919;2051;560;595;2,51;2,53;2,54;2,56;2,58;2,6;2,62;2,46;2,48;2,51;2,5;2,54;0;0;1,05;2,33;1310;1523;1318;1219;1132;1007;1414;1259;284;266;282;267;236;267;252;262;283;254;264;270;257;222;220;199;610;638;618;627;663;669;689;671;688;597;582;559;537;480;472;366
Casa Verde;71,49;72,1;71,41;70,82;71,67;70,95;68,59;69,7;69,72;69,11;67,91;68,62;66,57;66,04;93,66;97,33;102;104,69;101,56;106,29;109,26;113,02;114,77;115,92;116,03;117,1;101,56;93,09;94,97;99,93;107,09;110,27;118,91;121,98;123,89;126,15;122,76;129,23;276;240;179;0;19;9;1867;2260;2343;2000;1910;3532;1175;974;0,12;0,12;0,12;0,12;0,12;0,12;0,13;0,12;0,12;0,12;0,12;0,12;0;0;1,35;0,95;2366;2960;3094;3054;2231;2006;2046;1701;550;530;527;502;513;514;467;517;483;481;419;458;417;361;355;291;661;592;638;656;649;588;645;592;603;569;545;517;518;454;440;378
Cidade Ademar;65,86;64,94;64,4;63,62;63,71;63,26;63,15;61,82;63,13;61,26;60,01;59;58,88;58,68;80,53;85,21;86,69;86,83;84,09;87,87;90,65;93,4;94,73;93,72;93,97;90,1;78,78;73,97;75,05;77,14;84,08;79,24;85,28;86,32;85,01;84,78;84,71;84,79;154;136;71;0;2;19;14491;16023;16348;13839;14926;29745;9405;6721;16,21;16,42;16,66;16,91;17,16;22,38;18,97;18,68;19,02;19,36;16,87;16,29;0,19;0,71;11,99;17,13;18522;21434;21577;21333;18155;15961;16006;11807;2508;2611;2590;2498;2491;2543;2439;2301;2446;2438;2452;2515;2334;2113;1951;1570;2021;2025;2078;2113;2156;2082;2128;2220;2012;1955;1950;1704;1659;1657;1433;1366
Cidade Dutra;65,77;65,64;65,67;65,54;63,61;65,36;63,35;62,29;61,96;62,28;60,07;60,85;58,84;57,37;115,42;119,24;121,73;118,2;113,74;115,23;116,24;115,82;116,3;115,58;112,99;112,68;112,89;105,5;107,95;107,18;116,87;114,93;121,4;124,65;123,77;123,77;119,74;125,59;166;104;79;0;187;6;6358;7222;7729;7040;8120;19795;6090;5804;8,69;8,79;8,88;9;9,12;9,24;9,14;9,26;9,38;12,01;11,27;11,44;0,16;0,71;6,16;10,89;7635;10608;11126;10399;10498;10332;12569;10886;1544;1525;1509;1481;1447;1412;1360;1369;1415;1316;1423;1409;1319;1271;1131;934;1530;1588;1569;1633;1570;1501;1546;1658;1544;1417;1356;1296;1207;1167;1009;900
Cidade Lider;64,96;65,23;64,78;64,15;63,44;63,88;62,92;61,59;62,3;61,32;60,59;60,4;61,02;58,93;83,15;84,22;83,74;83,09;79,64;82,89;83,48;86,5;86,96;87,64;85,6;83,89;77,85;71,72;72,14;71,97;78,62;75,93;80,39;88,07;87,58;87,07;81,25;89,43;20;25;7;0;8;0;5035;5252;5835;4513;5081;9587;3504;2796;6,58;6,66;6,76;6,87;6,97;13,85;7,17;7,3;7,43;7,55;8,83;8,99;0,16;0,59;10,27;14,62;5786;7398;7448;7405;6261;5997;6210;4711;957;960;999;906;981;977;823;932;970;908;975;961;863;796;799;713;1041;1046;1074;1056;1077;1087;1095;1269;1084;1086;1073;1050;1041;1008;889;785
Cidade Tiradentes;58,87;57,39;56,89;57,71;54,31;54,05;55,32;53,6;54,57;52,45;52,18;52,14;51,54;51,65;103,1;103,29;99,52;101,91;96,18;97,31;97,63;98,33;101,25;103,52;101,48;98,45;96,72;87,38;84,58;87,12;93,81;90,94;95,03;96,21;99,03;98,95;96,19;102,1;134;176;24;0;4;2;12574;13179;13978;10490;13988;26832;9799;9096;4,09;4,18;4,27;4,37;4,47;3,65;4,56;4,74;4,86;5,45;5,45;5,59;0,55;0,9;7,49;13,11;15173;18353;17662;17726;18400;17694;15322;13266;2106;2207;2262;2315;2258;2358;2297;2369;2478;2301;2279;2245;2118;1970;1988;1605;1345;1346;1395;1430;1445;1554;1441;1469;1456;1412;1346;1395;1392;1194;1144;1053
Consolacao;79,51;79,51;79,83;79,17;77,22;76,44;79,67;78,24;78,33;77,67;76,65;75,98;75;76,63;153,62;167,61;214,1;221,35;219,92;231,25;237,23;232,35;230,6;220,42;220,73;233,21;168,56;165,33;211,07;218,63;241,19;219,98;243,19;233,04;231,93;219,09;220,34;240,49;286;260;165;159;175;167;173;165;174;93;155;313;73;62;0;0;0;0;0;0;0;0;0;0;0;0;0;0,19;0;0,3;226;306;255;148;184;119;116;96;154;144;145;119;142;129;120;133;143;139;130;165;119;131;109;106;308;316;312;283;310;273;273;288;237;239;224;239;223;215;165;180
Cursino;73,67;73,02;73,92;72,37;72,98;70,82;70,29;71,31;70,42;70,37;68,98;69,4;69,34;67,67;77,47;77,2;82,35;84,69;82,42;86,11;90,24;94,32;94,72;98,77;98,91;99,99;74,69;67,54;71,69;74,33;83,07;80,61;88,44;92,05;91,67;95,72;96,17;97,24;43;10;2;0;12;24;1668;1832;1889;1463;2097;4256;1402;839;6,36;6,41;6,47;6,53;6,59;6,52;6,72;6,8;6,88;7,77;6,61;6,69;0;0,21;2,17;2,11;2095;2598;2451;2345;2535;2249;2282;1490;512;504;537;503;450;499;461;474;483;496;512;507;473;471;473;350;773;779;828;895;920;874;892;843;825;787;803;730;732;694;557;489
Ermelino Matarazzo;65,27;65,61;63,5;63,95;64,37;64,8;62,15;61,64;62,53;62,36;62,79;61,68;60,09;59,02;106,6;109,06;109,98;108,27;104,31;105,7;105,79;109,5;109,76;107,89;108,61;106,86;101,56;93,69;95,03;95,66;103,36;94,78;100,28;102,68;102,77;100,49;106,99;101,41;237;212;148;0;90;15;5754;6573;6851;5285;6072;11457;4634;3722;8,59;8,69;8,8;8,92;9,03;8,58;8,18;8,31;8,55;8,68;8,85;9,28;0,03;0,24;7,77;16,32;6469;8113;8703;8807;7314;7159;7421;5856;836;874;851;887;822;892;837;926;924;882;913;904;859;775;749;669;974;999;977;1050;992;1017;982;977;935;914;831;779;754;715;724;648
Freguesia do O;70,43;69,86;70,42;67,95;69,23;69,18;69,2;67,87;67,1;65,35;67,05;65,64;66,1;64,9;145,95;150,71;152,87;154,29;151;152,75;156,22;153,87;153,67;153,14;155,13;152,88;140,82;129,87;130,38;132,27;144,31;154,12;165,63;166,59;163,25;159,21;149,19;163,28;101;52;80;0;16;19;2966;3470;3605;3318;3983;7119;3069;2197;4,01;4,03;4,05;4,07;4,09;4;4,13;4,14;3,4;3,4;3,8;3,82;0;0,07;1,58;1,85;3629;4654;4685;5461;4653;4738;4923;3633;871;858;868;853;841;849;747;791;830;805;820;812;711;649;568;481;1202;1262;1197;1267;1229;1146;1133;1218;1148;1014;1029;1010;856;832;741;652
Grajau;59,92;58,97;57,68;58,54;56,45;56,18;56,17;55,46;55,14;55,8;53,42;54,16;52,01;49,97;109,09;111,46;111,8;110,24;105,63;108,56;109,83;111,23;112,62;111,73;111,02;107,14;102,89;93,26;93,36;94,64;102,6;96,76;100,55;101,52;101,29;99,4;99,93;100,5;157;89;49;0;0;5;21639;24220;26101;19113;21659;44284;15370;13522;13,52;13,75;14,01;14,28;14,55;15,25;15,12;15,44;15,76;18,04;18,64;18,98;2,64;5,56;27,46;61;23212;32250;34430;29605;26441;25369;27404;23445;3931;3970;3837;3791;3777;3770;3746;3641;3871;3777;3812;4009;3701;3438;3113;2693;2986;3010;3098;3112;3192;3085;3143;3200;3235;2897;2855;2628;2579;2443;2212;2042
Guaianases;60,96;62,77;61,16;59,28;59,14;59,77;59,05;57,22;59,05;57,42;55,97;59,22;55,81;55,98;97,7;100,34;100,81;99,3;93,23;97,02;97,27;96,13;96,1;97,35;93,98;91,46;92,59;84,79;85,24;86,38;93,4;89,68;93,19;93,82;119,94;92,35;92,18;92,94;199;187;29;0;5;5;5255;5763;6212;4991;6095;12881;4472;3565;2,92;2,97;3,01;3,06;3,11;3,16;3,06;2,49;2,34;2,38;5,68;5,77;1,51;0,75;13,11;19,61;5262;7702;7943;7764;7900;7331;7736;5993;1056;1055;1162;1150;1060;1103;1109;1080;1104;1083;1110;1016;962;886;796;713;784;759;822;787;833;831;873;909;785;781;839;774;816;844;671;586
Iguatemi;59,72;59,33;58,5;58,79;57,49;53,11;55,64;54,17;57,29;54,99;54,52;55,76;53,24;52,54;112,57;114,86;116,88;110,04;106,57;106,32;107,98;110,49;110,47;111,45;110,02;109,73;107,65;97,65;99,94;98,54;110,69;107,01;46,43;45,35;96,46;41,08;36,78;110,12;1;58;0;0;0;4;9156;10596;11908;9028;12128;18073;7031;5189;7,14;7,29;7,48;7,67;7,87;9,58;8,29;8,52;8,77;7,34;8,63;8,88;2,04;3,83;14,21;29,52;10046;12949;15145;15796;13993;12809;10261;7653;1229;1311;1299;1304;1364;1353;1309;1334;1397;1311;1401;1353;1300;1283;1245;1160;909;1064;976;920;1020;1064;1020;1055;1070;1012;979;1000;984;955;866;770
Ipiranga;74,85;73,4;74,62;72,86;72,13;74,84;72,61;72,82;71,09;70,64;70,4;69,94;70,27;71;109,96;110,07;117,85;116,23;118,69;125,59;129,24;132,47;134,8;135,4;136,25;134,43;117,48;108,83;113;113,33;127,13;113,6;196;203,08;139,58;203,2;208,88;131,54;451;163;92;0;314;63;1667;1924;2032;2190;2398;5431;1850;1414;3,25;3,28;3,31;3,34;3,38;3,41;3,45;3,49;3,53;3,57;1,46;1,64;0,23;0,11;1,82;4,76;2121;2655;2708;3210;3113;2833;2801;2179;524;550;556;515;543;544;493;553;619;602;548;580;536;503;473;431;780;844;827;830;898;866;943;949;878;864;797;783;776;712;641;534
Itaim Bibi;78,39;79,01;79,9;78,99;78,25;79,64;78,95;76,91;76,04;77,2;78,45;76,85;76,83;75,23;70,77;75,84;83,95;91,41;95,61;103,8;109,58;115,19;121,53;128,18;135;143,14;69,6;67,29;74,62;79,26;87,02;97,11;189,48;198,19;154,85;212,69;241,27;147,09;57;59;50;0;25;109;239;340;342;207;232;631;161;138;0,75;0,75;0,76;0,76;0,77;0,77;0,78;0,69;0,7;0,71;0,72;0,73;0,12;0;0,16;0,3;333;432;469;257;288;278;373;310;216;243;209;209;234;265;258;316;342;371;383;397;409;408;384;345;740;782;826;838;855;881;830;846;783;742;841;817;795;723;707;602
Itaim Paulista;62,85;61,26;61,82;62,15;59,27;59,51;59,82;59,95;58,15;57,85;58,01;55,11;55,84;55,4;114,36;116,74;117,46;115,59;110,58;113,96;116,26;118,21;119,19;117,61;114,39;110,88;108,36;99,66;99,89;99,7;106,56;100,29;34,11;34,18;90,45;33,42;22,11;107,38;149;75;47;0;17;12;13326;14693;15388;12574;15768;26830;10402;8025;6,11;6,36;6,46;6,4;6,67;6,31;6,87;6,98;7,1;7,45;8,18;8,32;0,39;0,57;8,6;12,52;14912;19022;19709;20068;18856;17046;16457;12746;2194;2195;2145;2072;2175;2148;2048;2114;2223;2104;2212;2092;2017;1955;1718;1516;1530;1625;1630;1655;1679;1766;1687;1757;1574;1514;1377;1345;1329;1267;1168;948
Itaquera;64,93;64,99;64,82;65,21;63,93;61,03;62,64;61,06;62,14;61,72;60;59,88;59,76;58,78;104,96;106,06;99,96;99,17;94,6;97,73;98,72;101,79;99,66;97,37;95,06;92,91;99,2;90,29;85,97;86,43;92,31;94,75;124,35;128,59;111,03;128,44;129,67;95,32;308;128;18;0;20;9;7617;8429;9456;7858;9525;21021;8079;6130;6,03;6,1;6,17;6,24;6,32;3,46;4,75;4,81;4,87;4,92;5,63;5,7;0,29;0,67;8,11;11,58;8532;11294;12384;13061;12908;13008;13246;9510;1599;1571;1505;1539;1538;1561;1432;1545;1593;1513;1520;1555;1494;1330;1376;1190;1716;1672;1600;1650;1717;1659;1726;1687;1744;1627;1640;1611;1576;1514;1409;1175
Jabaquara;71,07;70,34;70,89;68,73;69,73;68,43;68,91;67,01;67,89;67,77;66,76;64,97;64,67;64,49;82,11;85,07;86,44;86,52;84,92;85,98;90,8;91,28;92,98;93,45;92,63;91,77;81,95;76,28;76,95;77,91;85,66;83,66;107,36;110,47;92,47;107,18;99,87;94,58;345;244;290;0;239;41;6068;7213;7657;6516;7537;15585;4958;3510;16,42;16,55;16,71;16,87;17,03;15,92;17,36;17,76;17,95;17,88;19,58;19,78;1;0,28;8,31;9,11;7919;9581;10104;9742;8820;7896;8302;6040;1469;1483;1353;1449;1469;1431;1304;1277;1354;1450;1436;1451;1358;1272;1137;1016;1805;1843;1757;1803;1797;1725;1809;1714;1576;1527;1432;1343;1306;1209;1070;988
Jacana;67,1;67,44;67,76;66,69;67,94;66,33;66,81;66,18;66,86;65,23;64,2;64,55;63,22;64,52;145,87;143,4;663,06;660,55;134,85;674,14;134,62;137,23;136,98;135,93;133,5;128,71;134,39;122,87;563,02;577,74;127,5;102,32;917,99;922,45;669,56;889,51;912,67;506,8;236;161;158;0;23;9;3677;3992;4313;2902;3578;6643;2058;1739;8,24;8,31;6,98;7,05;7,12;7,19;6,23;6,3;6,19;5,94;9,04;7,58;1,3;1,41;9,42;9,8;4145;5433;5556;4925;4141;3832;3423;2679;598;634;628;640;566;591;517;544;563;533;588;611;596;601;521;427;582;612;597;627;624;662;650;662;603;613;587;642;603;537;509;431
Jaguara;71,56;69,39;73,39;73,94;71,9;73,08;73,58;67,03;70,16;69,49;69,55;68,31;67,53;69,16;170,97;174,98;67,73;66,73;168,39;63,26;168,64;165,25;162,75;161,06;161,17;166,73;148,45;136,55;53,15;54,32;150,07;157,83;186,31;194,8;87,5;189,95;245,06;75,67;12;4;27;0;10;3;328;346;373;300;324;930;232;222;2,67;2,68;2,68;2,69;2,69;2,7;2,7;2,71;2,09;2,09;2,1;2,1;0,28;0,29;3,19;9,79;352;524;482;432;417;383;501;416;114;97;117;107;103;85;105;96;91;98;141;104;109;113;99;85;222;210;225;223;202;198;199;194;190;183;189;194;162;161;188;164
Jaguaré;69,38;68,3;67,2;66,65;68,04;66,19;66,56;63,17;67,13;65,47;62,29;65,87;61,63;65,24;69,61;73,47;17,54;16,87;67,43;15,74;68,54;70,83;70,92;71,26;72,01;68,83;65,38;62,23;14,79;14,68;68,76;62,52;16,06;15,86;15,29;15,65;13,87;15,41;81;17;7;0;17;5;1124;1200;1330;1017;1472;3665;998;726;8,17;8,29;7,77;7,91;8,05;8,2;7,87;9,26;9,47;9,67;34,18;34,94;4,94;0,33;8,33;24,11;1069;1703;1893;1467;1880;1597;1709;1267;323;315;315;341;350;370;327;369;365;347;403;371;369;337;329;249;358;379;407;391;455;439;459;473;462;433;449;470;416;399;348;295
Jaragua;61,85;61,18;61,44;60,63;59,54;58,27;59,24;57,89;59,3;57,86;57,05;56,66;54,51;53,84;117,13;119,28;67,99;67,33;115,29;67,34;120,71;121,65;117,75;121,11;119,72;115,7;113,19;103,55;60,22;59,69;114,96;112;16,7;16,29;53,28;14,66;8,74;65,19;30;9;6;0;6;3;9255;10131;11433;8558;11366;18211;6758;4613;13,63;13,89;14,2;14,52;14,85;20,79;16,85;15,27;14,21;14,04;14,44;14,79;1,95;1,3;13,29;15,28;11968;14166;14322;13812;12999;12533;10405;7720;1616;1609;1563;1502;1693;1583;1429;1497;1576;1529;1635;1588;1531;1457;1350;1169;1406;1535;1474;1605;1613;1656;1704;1635;1699;1510;1534;1484;1421;1268;1218;1101
Jardim Angela;58,75;59,39;58,82;55,95;55,23;55,16;54,57;53,1;53,6;53,9;53,12;51,94;51,21;49,01;95,61;96,81;251,16;251,43;92,19;244,57;96,46;101,22;102,54;103,38;103,29;100,85;92,9;84,12;215,49;218,15;92,83;86,38;173,86;167,92;215,25;157,74;153,39;222,26;25;25;0;0;0;0;18109;17827;20199;14146;21412;38525;13058;11197;19,41;19,83;20,32;20,82;21,34;16,45;19,43;20;20,52;22,57;16,87;17,36;2,02;4,29;21,21;37,49;20238;27645;26857;22739;26742;23584;24163;19914;3003;3093;3276;3323;3504;3416;3359;3613;3669;3270;3435;3429;3535;3011;2951;2407;2372;2349;2259;2277;2428;2325;2387;2307;2275;2266;2327;2018;1924;1852;1769;1540
Jardim Helena;62,97;62,4;61;61,38;61,08;61,54;59,8;60,15;58,17;58,13;58,01;57,74;56,96;56,7;101,58;101,9;275,2;287,75;97,62;308,74;101,62;103,18;104,03;104,66;102,62;99,94;96,76;86,71;242,21;254,83;96,27;100,91;724,74;749,95;480,95;820,57;855,6;436,11;36;20;12;0;8;1;8557;8035;8605;5995;9753;18722;8263;5824;12,31;12,45;12,59;12,73;12,87;13,01;13,05;13,16;13,53;13,64;6,05;6,11;2,32;5,47;16,32;24,46;8862;12174;10854;9931;12525;12531;12931;8893;1398;1350;1499;1370;1486;1325;1385;1470;1521;1407;1555;1457;1423;1245;1173;1047;1061;1050;1099;1045;1041;1071;1101;1079;1028;977;956;952;875;848;741;682
Jardim Paulista;81,8;80,1;80,12;79,76;79,39;79,34;78,19;78,91;78,18;78,76;77,42;77,03;76,39;78,14;62,11;63,98;12,33;12,42;71,36;12,67;79,78;79,43;78,94;80,55;80,74;81,44;61,15;62,32;11,25;11,16;71,42;72,52;49,89;51,44;21,43;53,04;53,57;10,88;212;123;99;0;82;176;112;106;85;61;1594;1473;85;118;0;0;0;0;0;0;0;0;0;0;0;0;0,18;0,32;0,09;2,17;184;227;124;87;1931;1184;147;174;196;211;233;200;214;211;216;251;261;256;316;284;264;286;265;220;554;585;591;598;616;612;590;569;544;505;522;506;464;408;395;375
Jardim Sao Luis;63,23;62,48;62,35;62,39;59,76;58,74;59,97;56,9;58,64;58,26;57,96;56,32;57,09;56,21;94,01;98,11;325,17;326,14;98,06;314,67;103,9;106,74;107,66;108,84;107,2;104,82;92,35;85,52;285,73;286,73;96,48;96,04;73,74;70,38;255,02;65,03;35,26;321,62;118;26;13;0;5;15;10433;13387;15733;14631;14294;29315;9801;8686;20,55;20,88;21,08;21,47;20,84;21,18;22,61;23,02;23,9;24,45;25,04;25,57;0,19;1,32;9,34;11,8;12008;16046;20771;23826;19506;17457;18514;15534;2157;2221;2249;2252;2211;2237;2126;2143;2296;2043;2136;2039;1974;1779;1746;1498;2130;2194;2153;2211;2256;2200;2038;2083;2023;1959;2011;1968;1874;1622;1472;1286
Jose Bonifacio;65,24;63,58;63,15;63,67;61,47;62,77;61,92;62,27;61,63;60,97;61,25;60,48;60,11;60,26;84,22;83,89;98,18;98,89;93,48;95,37;96,08;100,86;103,1;105,82;107,18;106,45;84,33;36,12;86,47;88,86;95,56;86,81;201,4;209,52;122,72;205,23;222,81;104,93;142;99;11;0;8;1;3765;3675;3985;3025;4904;9579;2833;2381;1,25;1,27;1,29;1,32;1,34;1,46;1,39;1,38;1,41;1,44;1,69;1,73;2,4;2,02;7,11;6,24;4424;5701;5325;4935;6152;5670;5141;4041;741;851;741;812;821;825;794;800;841;829;819;761;719;688;688;605;830;927;882;855;947;978;901;923;881;856;816;860;749;737;652;592
Lajeado;61,87;59,99;60,78;58,34;58,04;58,73;57,25;55,9;55,18;56,4;56,49;56,93;57,07;54,39;82,27;82,61;81,26;80,07;77,05;79,07;81,45;83,45;83,61;83,05;81,9;78,58;82,6;73,55;73,1;73,65;79,21;79,99;71,37;72,95;47,27;72,8;68,29;84,02;192;86;48;0;14;2;9659;10983;11863;9866;11928;23892;8546;7068;7,06;7,17;7,3;7,42;7,55;7,57;9,78;9,68;9,9;10,08;9,75;9,93;1,06;0,7;12,49;19,69;11299;14832;16213;16187;15652;13905;14497;11418;1595;1586;1607;1612;1672;1662;1683;1703;1814;1752;1730;1747;1556;1460;1329;1178;1125;1181;1203;1195;1324;1318;1261;1376;1281;1299;1324;1260;1266;1125;1048;911
Lapa;79,16;78,55;77,96;77,25;76,39;76,75;76,74;74,56;76,89;76,2;75,65;75,05;75,61;76,18;131,01;130,5;133,39;135,82;132,63;140,32;143,67;144,8;146,19;138,03;146,21;150,49;145,83;134,7;140,69;147,3;160,85;139,81;150,96;159,02;149,99;158,25;189,72;185,49;297;305;97;0;68;65;742;1308;1358;1112;431;1138;207;155;0,51;0,51;0,51;0,51;0,52;0,52;0,52;1,13;1,14;1,15;1,15;1,16;0,16;0,05;0,4;1,55;1051;1201;1753;1466;544;456;426;345;195;162;163;156;170;162;180;219;227;225;241;228;238;228;238;250;507;547;543;619;524;577;560;576;543;488;516;482;521;467;432;376
Liberdade;75,34;74,89;73,53;73,93;73,88;74,16;71,51;72,35;71,96;71,66;71,13;70,26;70,68;71,15;69,2;76,27;78,11;80,65;80,26;84,43;88,1;93,26;95,3;99,41;101,28;99,84;74,18;72,53;76,05;78,26;87,51;94,23;102,94;102,98;157,37;105,42;96,8;122,44;429;339;175;615;414;736;785;988;1074;703;872;1519;520;387;0,28;0,28;0,29;0,29;0,29;0,3;0,3;0,3;0,31;0,31;0,32;0,32;0;0;0,08;0,16;1105;1393;1483;1292;1024;794;813;665;301;268;276;272;295;270;236;279;259;261;288;279;288;260;226;200;527;520;529;564;558;587;493;495;467;460;391;453;422;357;332;279
Limao;71,15;70,56;70,85;69,09;67,87;66,29;68,79;67,76;66,91;68,12;66,53;65,81;63,87;63,65;99,83;104,24;106,65;109,78;108,66;113,26;117,33;119,63;118,5;118,76;120,03;115,63;92,6;86,85;89,37;87,36;103,3;100,72;109,57;112,07;116,66;111,71;108,06;109,83;137;38;23;0;21;2;2162;2319;2310;1603;2192;4055;1487;1081;8,25;8,29;8,34;8,39;8,43;9,86;8,53;6,11;6,16;4,91;4,72;4,74;0,18;0,14;3,64;6,57;2506;3324;2984;2395;2531;2222;2637;1999;634;596;629;559;612;635;600;596;585;621;544;557;508;465;434;369;717;716;665;730;705;722;743;773;754;695;649;585;557;517;522;466
Mandaqui;72,9;72,8;71,9;70,06;72,59;71,33;69,73;70,3;68,95;68,39;68,09;66,63;68,09;66,17;87,57;92,3;93,2;87,94;90,4;94,42;95,79;96,41;95,35;96,7;98,5;97,32;84,31;80,86;81,09;78,22;66,65;91,66;98,14;100,36;43,32;96,57;94,02;98,75;42;20;26;0;7;9;1163;1472;1515;1384;1181;2962;712;770;3,05;3,07;3,1;3,12;3,15;6,76;3,2;3,23;3,26;3,29;3,32;3,35;0,13;0,04;1,4;2,05;1649;2016;2050;1982;1419;1323;1630;1458;479;532;485;458;435;410;396;380;408;427;445;434;433;352;347;319;885;921;830;862;854;856;804;817;814;759;690;693;633;604;511;510
Marsilac;67,06;59,84;59,05;59,65;61,19;64;56,24;61,96;56,87;57,26;58,1;55,59;51,86;50,43;138,39;140,02;134,03;126,35;113,99;118,55;112,46;111,35;108,22;107,34;104,91;98,21;128,37;114,26;109,88;104,09;311,34;97,43;98,01;100,1;334,01;111,6;93,6;87,14;0;0;0;0;0;0;801;1137;1379;932;1044;1227;296;198;2,65;2,69;2,73;2,77;2,82;2,86;2,91;2,95;2,98;3,03;3,07;3,11;88,04;97,92;99,62;99,67;767;1111;1695;1598;1171;981;432;293;71;57;60;78;60;59;77;67;81;74;67;69;61;69;49;58;34;26;39;31;54;47;49;51;44;42;35;46;29;33;24;32
Moema;79,92;81,13;79,03;79,56;78,79;77,72;79,38;78,59;77,76;76,49;77,03;77,41;74,46;75,32;126,33;122,48;114,68;113,13;108,85;111,51;115,02;117,48;121,05;122,17;125,25;126,95;127,53;116,67;109,3;107,28;114,9;103,4;105,42;106,01;108,76;115,32;118,61;132,42;357;63;44;0;72;38;115;89;74;47;62;212;40;35;0;0;0;0;0;0;0;0;0;0;0;0;0;0;0;1,34;162;218;125;63;84;82;94;78;165;162;167;180;150;185;188;173;214;190;238;266;250;220;238;237;644;639;672;716;695;634;653;629;604;540;564;572;505;494;460;421
Mooca;77,74;77,06;75,77;77,34;76,48;75,4;75,11;74,86;73,76;74,59;75,04;73,68;72,96;73,42;80,75;82,35;81,21;85,11;84,1;88,23;91,7;92,73;92,43;94;98,88;101,74;90,18;82,91;81,77;84,74;91,01;89,95;86,46;87,5;265,45;90,21;94,01;113,98;1511;1317;1359;159;1280;1061;2002;2004;1918;1552;2957;3910;536;1194;0,17;0,17;0,17;0,17;0,18;0,18;0,18;0,18;0,18;0,18;0,19;0,19;0,22;0,15;0,77;0,43;3255;3489;2853;2553;3577;3061;921;1512;216;176;226;245;242;267;246;265;297;255;271;293;251;240;257;206;611;583;613;674;688;694;698;658;686;605;620;590;547;502;477;388
Morumbi;73,54;73,75;71,48;72,42;72,88;72,84;72,68;70,23;72,51;71,68;69,47;70,72;67,93;68,62;106,24;112,27;109,11;102,83;102,89;109,97;112,35;112,59;119,16;118,52;124,22;124,42;105,17;103,51;99,37;93,28;104,19;97,8;400,91;411,68;174,01;414,27;455,55;124,31;9;12;5;0;10;1;1319;1190;1240;1368;1711;3755;1140;1048;14,58;14,07;14,27;14,47;14,68;14,89;14,92;15,09;15,37;15,66;14,53;14,81;1,02;0,55;5,35;8,26;1465;1991;1637;2041;2102;1934;2386;2049;334;307;290;301;280;280;284;268;304;300;263;245;257;215;238;172;438;457;480;442;472;441;487;454;409;378;352;349;318;276;270;232
Parelheiros;60,26;60,1;60,48;60,29;59,51;57,25;56,3;57,79;55,35;55,37;54,71;52,72;52,73;49,86;110,94;113,08;115,07;113,93;110,27;111,48;112,48;113,55;113,64;113,21;111,48;107,78;106,12;95,86;97,06;97,49;106,79;101,75;32,29;32,09;43,4;28,15;20,73;107,01;40;16;1;0;0;0;9133;8939;10037;7267;10618;18345;6085;5342;8,11;8,29;8,51;8,72;8,95;8,06;9,42;9,68;9,96;10,25;10,29;10,59;16,58;41,04;63,07;81,37;9332;13477;12522;11676;12379;12455;10823;9058;1344;1368;1298;1439;1421;1377;1365;1319;1501;1510;1667;1666;1537;1401;1310;1159;889;901;985;1018;1080;1040;1090;1129;1101;1040;1034;927;1025;1006;928;855
Pari;69,29;68,43;67,6;69,12;66,73;68,17;69,67;67,37;64,58;66,7;66,82;66,27;64,75;68,19;189,85;212,25;222,11;227,83;217,48;228,9;238,55;246,49;259,52;251,92;258,99;265,5;192,5;192,77;206,3;208,83;228;213,87;396,53;382,97;768,55;395,59;511,35;248,79;1618;1189;897;853;874;318;923;936;1038;466;1108;1611;281;492;2,04;2,06;2,09;2,11;2,14;2,16;2,19;2,22;2,25;2,28;2,31;2,35;0,2;0,2;7,6;1,68;1469;1528;1495;782;1335;1097;652;862;171;167;175;169;191;197;175;182;171;173;191;194;203;191;216;196;117;101;119;102;123;112;123;138;117;113;121;128;140;145;141;99
Parque Do Carmo;64,04;63,74;64,19;61,96;59,93;61,19;59,23;58,93;60,54;58,61;60,06;58;56,68;56,66;100,74;103,52;104,51;105,58;101,33;104,64;105,51;108,67;109,85;110,69;113,53;112,69;96,84;87,1;87,61;90,28;99,4;87,42;178,98;184,43;139,51;181,54;182,15;106,08;79;26;0;0;0;1;3176;3496;3429;2434;4261;7771;2556;2060;16,36;16,57;16,8;17,04;17,28;12,15;16,64;16,61;16,87;17,15;15,08;15,33;0,78;0,4;15,82;17,82;3707;13625;13577;11688;10641;9760;8453;6041;638;618;610;637;611;610;595;633;609;574;599;577;528;463;484;403;534;560;536;514;595;613;622;604;607;587;576;562;495;495;475;404
Pedreira;63,03;61,96;59,48;61;60,87;60,65;59,17;57,5;57,71;59,65;56,77;57,01;57,74;55,3;103,02;100,39;97,98;95,83;90,69;91,02;90,7;92,78;93,2;93,15;92,18;91,94;93,72;82,91;80;79,23;84,47;81,98;79,26;80,18;55,63;76,54;78,07;85,89;39;14;0;0;0;0;9147;9755;10373;7396;9005;16770;4815;3396;18,08;18,43;18,85;19,27;19,71;15,02;18,52;19;19,49;19,99;24,04;26,36;0,63;2,02;20,11;51,89;11902;4165;4485;4540;3651;3374;3421;2780;1221;1148;1228;1235;1286;1249;1269;1279;1286;1238;1269;1246;1247;1174;1148;978;1007;991;1058;1040;1132;1147;1180;1141;1051;1045;1031;937;956;931;821;720
Penha;72,4;72,45;72,28;71,8;70,83;70,84;70,46;69,9;70,85;68,96;69,99;69,19;69,07;69,04;118,29;119,07;120,76;117,9;115,32;116,08;116,8;116,89;115,48;115,58;117,43;119,38;130,92;118,68;118,85;119,25;131,59;120,44;56,55;56,21;90,41;57,88;56,48;128,43;368;264;180;0;277;111;2651;3181;3449;2883;3028;5716;1873;1546;6,11;6,13;6,17;6,21;6,25;6,28;6,02;6,09;5,22;5,26;4,94;4,98;0,4;0,3;2,03;4,62;3488;296;295;242;256;227;260;199;665;665;669;695;675;699;613;724;741;695;745;735;665;655;616;490;1005;992;961;974;975;1031;968;905;844;884;926;885;876;812;747;702
Perdizes;79,4;78,33;79;78,49;78,55;76,96;76,78;76,25;77,02;75,79;77,13;75,66;75,96;75,2;84,3;84,12;82,67;84,19;83,05;81,56;79,74;80,61;82,21;83,58;84,93;86,71;79,88;76,22;75,78;77,02;86,22;74,95;141,42;147,17;91,61;152,25;161,49;93,26;27;31;29;0;37;47;175;211;200;233;218;872;128;107;0;0;0;0;0;0;0;0;0;0;0;0;0;0,06;0,06;0,67;242;8040;7762;7480;6569;6122;4528;2947;224;238;222;248;237;239;251;277;308;303;312;297;282;296;280;270;820;854;812;884;866;820;780;785;703;615;618;581;555;519;435;393
Perus;61,27;61,85;59,8;61;60,23;59,65;58,79;57,93;56,89;59,51;56,05;58,78;57,33;56,69;101,59;103,54;104,54;106,02;101,36;103,32;107,63;110,8;109,99;111,87;112,05;109,93;102,28;92,61;93,58;98,53;106,66;101,67;64,46;65,56;132,09;60,28;59,82;112,37;118;18;6;0;5;8;5345;5614;6041;4359;5602;8635;2690;1741;10,46;10,65;10,86;11,07;11,29;11,52;11,75;12;12,25;12,51;28,06;29,09;1,82;8,42;14,4;28,41;6617;759;986;750;505;419;327;317;793;740;767;828;835;710;700;754;759;696;753;683;690;679;609;501;605;726;615;636;635;650;727;722;689;623;668;577;573;550;481;408
Pinheiros;78,77;78,38;79,38;79,2;79,64;79,72;77,71;77,08;77,62;76,99;76,79;76,63;76,26;74,83;124,44;129,49;128,37;132,14;129,01;130,18;132,74;140,83;138,72;134,74;139,14;137,13;138,29;134,3;135,71;139,02;154,13;137,07;353,31;387,48;274,17;397,06;474,28;165,51;273;238;134;0;236;202;450;667;718;483;391;897;177;197;0,08;0,08;0,08;0,08;0,08;0,08;0,08;0,08;0,08;0,08;0,08;0,08;0;0;0,07;0,97;745;5677;5659;5665;5559;5778;6706;4908;201;190;171;208;200;218;212;219;228;225;251;257;258;244;226;193;495;443;486;442;453;409;420;406;380;372;394;345;340;301;285;256
Pirituba;68,5;68,88;67,86;68,57;67,71;67,68;66,23;66,59;66,35;65,84;65,35;65,67;63,33;63,37;100,32;104,49;104,68;105,44;103,27;107,55;109,84;114,19;110,9;112,16;112,71;111,49;97,52;91,46;91,14;92,36;101,94;85,02;55,4;55,96;59,6;55,02;51,83;99,47;38;37;11;0;12;13;3586;3866;4537;4075;4644;10440;3684;2512;6,77;6,82;6,88;6,94;7;6,89;7,13;7,19;6,72;6,79;6,48;6,55;0,26;0,2;5,51;7,54;4302;3842;3625;2997;3371;3201;3543;2815;1011;923;954;939;974;926;910;904;994;974;907;882;937;813;763;628;1421;1514;1465;1479;1471;1428;1410;1481;1301;1210;1217;1163;1102;1042;1010;957
Ponte Rasa;69,7;68,21;69,29;68,42;67,6;66,81;66,36;65,81;66,04;66,6;64,92;64,91;64,77;65,62;106,84;107,81;108,93;109,19;101,52;104,6;105,47;105,58;105,09;104,89;103,63;101,42;99,66;90,72;92,36;91,12;95,24;90,64;114,88;116,81;42,51;113,16;109,56;92,65;109;49;7;0;8;4;2640;2783;2861;1860;2850;5300;2049;1778;3,42;3,43;3,45;3,46;3,47;3,53;3,5;3,51;3,6;3,49;3,84;3,85;0,15;0,12;4,83;8,11;3170;4785;4562;4088;5124;4444;4435;3459;530;531;494;552;513;569;568;527;593;514;520;547;489;484;429;355;690;719;701;716;712;730;692;696;652;595;571;580;568;554;485;428
Raposo Tavares;64,48;64,56;65,61;63,36;62,1;61,79;61,78;63,29;62,5;61,34;60,77;60,21;60,75;58,99;88,94;94,56;95,59;92,29;87,03;88,85;87,72;90,85;85,25;93,04;91,29;88,82;88,46;82,01;84,82;84,12;94,36;90,82;19,64;18,99;87,52;17,17;7,89;94,87;163;138;0;0;0;3;3123;3158;3264;2881;3411;7835;2264;2206;11,08;11,22;11,66;11,84;12,01;12,09;12,21;12,56;12,77;12,99;12,95;12,85;0,07;0,77;5,01;6,61;3745;4874;4423;4052;4198;3657;4849;4112;971;882;980;850;889;893;859;903;817;839;910;874;756;712;630;596;933;964;986;908;1019;936;940;933;932;912;800;847;815;802;722;634
Republica;68,92;67,11;68,09;68,08;67,71;65,13;65,11;67,39;65,41;66,63;65,59;63,27;65,75;64,7;20,84;21,48;21,38;22,38;21,49;22,93;24,93;23,84;22,48;30,41;33,08;30,56;18,02;16,6;16,94;17,7;18,86;19,94;297,36;301,85;490,87;308,48;330,17;25,39;2656;1806;923;1207;1770;796;2263;3161;3562;1099;2340;4324;1000;978;0;0;0;0;0;0;0;0;0;0;0;0;0;0,13;0,15;0,27;3279;3829;4872;1574;2865;2225;1370;1478;293;333;343;295;309;378;297;320;319;308;295;272;302;250;200;194;290;346;316;341;316;347;319;334;291;251;263;285;297;298;235;207
Rio Pequeno;69,23;69,73;68,5;69,27;67,09;66,31;65,9;65,49;66,41;65,53;65,37;64,09;64,77;60,58;82,95;85,52;87,43;95,22;95,56;99,77;101,54;99,64;99,67;99,82;101,53;99,13;79,57;72,69;74,05;79,82;84,98;99,18;176,2;182,52;85,41;175,56;180,03;100,31;13;18;11;0;9;11;2950;3176;3450;2677;3745;7879;2196;2301;20,44;20,6;20,8;20,96;21,15;21,38;21,56;21,8;21,98;22,22;20,03;20,26;0,12;0,21;7,59;11,6;3545;4791;4848;3921;4605;3599;5009;4548;1098;1099;1077;1004;1046;1032;964;998;909;965;949;859;778;750;671;521;1129;1198;1163;1220;1219;1226;1327;1204;1193;1094;1111;1008;926;762;726;646
Sacoma;68,51;68,24;68,89;67,62;67,61;66,85;65,64;66,23;66,12;66,11;65;64,26;63,39;63,98;86,34;85,82;86,58;86,98;83,35;85,73;87,16;90,14;90,12;88,44;89,66;86,37;82,31;74,27;74,94;75,42;80,77;81,77;33,08;34,33;50,67;33,49;22,74;87,77;50;20;101;0;20;13;6272;7006;7836;6965;7631;17959;5778;4530;23,65;23,93;24,27;24,62;24,97;25,39;25,7;26,14;26,94;27,41;30,01;30,95;0,12;0,67;5,18;9,2;7540;2288;2175;2101;2562;2659;3232;2528;1605;1519;1499;1374;1446;1418;1374;1464;1640;1536;1502;1668;1468;1298;1336;1144;2012;1864;1972;2043;2172;2122;2191;2175;2100;1962;1978;1943;1761;1756;1506;1335
Santa Cecilia;74,4;74,44;73,31;72,32;73,45;72,65;71,74;73,49;72,91;71,22;71,41;71,74;70,33;71,9;62,27;66,02;67,75;72,09;71,66;78,55;84,77;88,56;95,25;97,52;102,99;102,34;62,07;59,1;61,73;66,43;77,38;90,79;220,5;226,79;198,67;233,6;275,65;118,06;5006;5105;1828;2517;1334;485;2971;3297;3430;3625;4562;6256;1010;1517;0;0;0;0;0;0,96;0,97;0,99;1;1,01;1,03;1,04;0,06;0,03;0,05;0,12;4339;4352;4385;4000;3924;3464;3126;2487;430;378;406;411;418;382;338;369;368;299;371;332;359;305;286;263;484;517;568;538;525;502;503;490;446;436;421;442;443;455;394;346
Santana;76,47;75,96;75,31;75,4;75,45;75,07;74,8;73,58;73,68;73,06;72,93;72,68;71,56;71,99;145,77;152,67;163,88;168,88;165,35;170,81;174,12;170,14;166,64;164,69;171,38;172,27;153,93;145,87;154,65;158,42;170,03;156,92;150,88;149,45;163,04;144,52;143,55;169,98;1124;995;298;0;387;354;1526;1250;1183;1435;1700;2399;292;424;0,23;0,23;0,23;0,23;0,23;0,23;0,23;0,23;0,23;0,23;0,23;0,23;0;0;1,01;1,35;2490;9819;12708;14357;10542;10434;10841;7748;507;605;497;424;375;370;327;332;339;362;354;366;353;315;299;302;1065;1029;949;1009;868;880;940;836;796;780;768;736;719;697;590;560
Santo Amaro;77,6;78,46;76,68;77,58;76,54;76,46;77,13;75,39;75,53;74,03;74,57;73,49;72,97;71,27;185,12;196,69;196,96;194,77;179,5;185,62;189,91;196,68;199,3;197,04;201,04;207,35;200,32;195,37;202,54;198,23;209,44;191,42;195,64;203,47;305,23;206,97;219,11;228,3;553;412;3;0;402;254;1095;1476;1541;822;1174;1552;281;253;0,16;0,16;0,16;0,16;0,16;0,16;0,16;0,17;0,17;0,17;0,17;0,17;0,09;0,25;1,56;1,76;1856;5523;7801;10355;5514;5451;5522;4187;199;227;165;208;200;230;205;217;204;233;237;264;264;245;260;256;528;540;539;580;609;575;680;662;621;577;612;544;541;513;454;431
Sao Domingos;70,9;70,45;69,94;68,26;68,98;68,25;68,4;66,52;65,76;66,52;62,66;64,66;64;64,61;86,03;86,23;83,93;83,52;82,62;85,02;87,52;93,29;92,72;92,76;93,99;92,94;79,33;71,07;69,89;69,93;76,73;90,41;206,81;214,68;173,17;216,76;229,79;100,73;32;25;19;0;4;10;1394;1543;1707;1520;2097;4607;1669;1305;12,11;12,21;12,32;12,44;12,56;13,02;12,8;12,94;13,06;13,2;13,3;13,45;0,39;0,6;12,21;20,79;1756;12358;10649;9542;13533;13728;12332;9442;466;437;448;389;422;426;377;455;473;465;457;451;442;398;417;355;770;740;721;731;721;774;766;739;728;640;627;617;606;517;459;441
Sao Lucas;71,48;71,89;71,08;70,92;69,68;69,11;68,96;68,62;69,12;68,9;68,04;66,45;64,96;67,51;88,9;90,54;89,47;89,51;85,95;87,9;89,27;91,34;91,15;92,35;92,84;92,58;83,49;77,79;77,69;78,52;83,72;78,53;115,09;119,61;140,87;119,47;144,59;89,11;36;16;14;0;14;10;2807;3072;3334;2514;3306;6056;1981;1703;4,34;4,36;4,39;4,42;4,46;4,49;4,52;4,56;4,6;4,64;4,55;4,68;0;0,16;3,68;5,02;3659;9719;10279;10633;9940;9152;9173;7253;853;724;672;644;656;679;594;620;617;704;677;709;601;554;497;432;1003;983;1049;1022;1092;1069;1133;1131;1138;937;1089;971;923;913;835;773
Sao Mateus;67,17;65,55;66,61;65,33;64,64;63,05;62,9;61,36;63,29;62,74;61,33;61,43;60,48;60,25;111,72;115,44;116,89;125,61;120,81;123,95;124,98;125,84;121,64;121,07;117,91;115,54;106,17;97,86;100,31;107,01;110,92;107,61;108,47;109,82;130,66;105,77;105,41;117,09;267;213;158;0;156;21;6382;9184;10169;9249;8365;17633;6727;4855;6,11;6,17;6,23;6,28;6,34;6,4;8,32;8,45;8,54;8,62;10,84;10,94;0,16;0,33;5,1;12,07;8066;2616;1616;2226;2048;1545;610;673;1171;1147;1190;1243;1177;1193;1125;1127;1169;1045;1149;1121;1017;966;989;848;1217;1238;1249;1192;1259;1220;1248;1264;1189;1252;1222;1205;1210;1079;1015;907
Sao Miguel;66,73;68,1;65,88;66,44;66,18;65,64;64,8;64,9;64,4;63,26;63,25;63,51;61,57;61,09;170,2;181,33;191,54;196,3;192,23;201,77;208,26;207,78;198,23;200,79;192,64;190,97;166,45;156,31;165,17;169,9;190,1;145,21;225,42;231,9;118,21;228,51;250,63;155,1;332;161;138;0;108;22;3835;5721;6210;6371;4304;8376;3117;2544;2,9;2,91;2,92;2,93;2,94;2,95;2,96;2,86;2,57;2,57;2,57;2,57;0,43;0,4;9,39;12,34;4319;19322;17870;18621;18421;17775;18582;15901;936;887;866;806;879;874;855;862;912;850;876;669;646;609;553;483;879;779;858;788;787;734;788;787;691;674;689;599;560;515;465;422
Sao Rafael;60,23;59,82;61,67;60,27;58,76;57,31;58,18;57,83;55,61;56,98;55,5;56,98;54,37;54,53;99,97;100,34;96,85;95,52;90,67;96,41;97,04;100,1;101,71;102,87;103,46;98,7;94,46;86,39;83,89;83,56;93,84;90,7;52,56;53,2;31,31;53,09;44,22;98,47;20;197;3;0;0;3;8370;7751;8326;6115;10519;21925;7593;5840;9,33;9,51;9,72;9,93;10,15;9,52;8,69;44;23,69;24,28;14,06;14,42;7,65;4,93;20,87;26,63;9645;1161;1004;854;888;852;901;650;1163;1229;1188;1209;1279;1188;1200;1100;1242;1216;1251;1271;1221;1127;1114;968;1002;1017;1005;1014;958;1018;1060;1040;988;1006;913;984;973;893;884;718
Sapopemba;64,95;64,68;64,06;64,14;63,55;62,3;62,62;62,1;61,03;60,71;60,05;59,54;59,27;58,4;78,67;77,78;77,94;78,96;75,23;77,75;78,6;80,86;80,91;81,25;81,61;81,19;74,56;66,54;67,21;69,04;74,14;71,47;16,43;16,39;24,19;16;5,76;81,61;44;17;32;0;20;11;13267;13073;13890;12342;15032;31533;12226;10695;19,01;19,21;19,42;19,63;19,85;20,06;20,26;20,51;20,77;20,85;20,06;20,7;0,36;0,47;7,38;10,31;15644;2540;2204;2083;1877;1366;2638;1935;2269;2209;2296;2285;2309;2212;2133;2063;2229;2080;2204;2033;2004;1695;1669;1387;2149;2251;2139;2115;2237;2274;2189;2238;2166;1967;1923;1861;1786;1754;1578;1385
Saude;78,42;77,7;77,79;77,1;77,57;77,27;75,98;74,83;75,48;75,88;74,73;74,06;73,18;73,44;81,86;85,46;88,59;89,68;88,36;93,51;93,65;96,23;97,72;95,39;100,46;102,34;81,84;79,85;83,12;84,07;90,97;90,95;63,1;65,24;122,97;68,48;66,81;112,9;340;309;25;0;45;51;724;771;731;612;743;1804;581;375;0,93;0,93;0,94;0,95;0,95;0,96;0,97;0,98;0,99;0,98;0,99;1;0,16;0,05;0,64;0,7;1009;926;1298;1714;831;762;635;549;381;398;357;341;326;346;284;277;347;381;341;388;393;403;369;324;934;935;1026;1001;1030;970;915;970;881;790;868;784;766;679;608;535
Se;66,16;64,69;64,92;62,08;60,29;63,52;62,05;65,84;62,2;63,97;68,01;63,35;62,57;62,27;30,86;33,24;36,81;45,32;56,51;66,79;68,66;70,53;81,02;86,9;82,39;69,13;31,35;26,27;27;32,08;53,72;55,51;631,08;610,84;733,67;603,7;628,11;78,99;2149;1539;1448;1239;1334;820;1494;1488;1411;1087;1536;2301;660;1001;0;0;0;0;0;0;0;0;0;0;0;0;0;0;0;0,22;2260;4714;4953;6088;5567;4620;1564;2138;247;297;317;281;291;283;256;275;273;283;245;221;200;142;133;125;239;229;215;231;186;246;242;222;243;207;210;193;188;150;130;115
Socorro;71,85;74,7;74,46;70,83;72,3;73,04;73,35;70,61;71,14;69,19;68,74;68,19;66,82;69,32;160,84;174,69;184,8;206,69;201,12;202,36;199,63;198,86;193,79;203,01;206,07;208,21;157,82;149,72;156,5;172,73;172,45;169,68;459,18;471,41;365,6;454,78;488,62;191,91;17;12;10;0;14;6;522;925;1037;1262;646;1836;431;356;6,16;6,16;6,17;6,17;6,17;6,17;6,17;6,18;6,18;6,18;6,12;6,12;0,17;0,25;0,27;1,51;752;1897;2083;1269;1436;1042;442;405;163;129;135;144;140;151;138;129;126;142;151;148;132;137;113;109;284;304;295;305;302;284;247;276;257;225;236;221;175;202;180;150
Tatuape;76,94;76,26;76,66;74,7;75,27;75,04;75,16;73,97;74,04;72,86;73,4;73,92;73,46;72,45;188,49;192,56;199,39;196,77;188,96;191,39;188,33;185,43;181,05;176,53;174,63;170;212,99;203,15;204,71;204,73;216,46;200,38;190,57;194,56;198,6;189,5;195,26;202,93;339;237;369;92;665;328;883;1452;1752;1644;1346;1898;481;519;0,97;0,98;0,99;1;1,01;1,18;1,19;1,2;1,02;1,04;1,05;1,06;0,15;0,4;1,3;1,19;1211;1396;2336;2666;1579;1289;823;819;197;222;228;220;206;222;201;221;219;235;248;226;242;218;190;221;742;719;739;807;706;736;690;679;677;647;626;650;664;549;525;462
Tremembe;65,88;66,31;65,55;64,3;65,04;63,7;65,3;63,99;63,74;63,42;60,62;62,64;62,5;61;66,13;68,19;68,93;70,35;67,48;68,9;69,97;73,1;72,86;72,05;72,61;70,72;59,07;53,84;54,41;55,45;60,48;63,13;50,42;52,22;71,18;50,7;49,51;73,08;61;29;6;0;2;0;7354;7254;8448;6235;7552;12945;3210;3415;10,68;10,85;11,06;11,28;11,5;11,67;12,22;12,49;12,77;13,05;12,44;12,72;2,03;3,48;15,78;23,43;8498;11455;11187;10044;9002;7607;6870;6368;1626;1680;1664;1619;1632;1602;1533;1580;1633;1614;1662;1657;1621;1620;1471;1314;1455;1467;1516;1604;1660;1667;1720;1753;1676;1666;1610;1574;1567;1301;1355;1209
Tucuruvi;75,16;74,37;73,95;74,62;73,56;74,27;72,93;72,04;72,22;73,03;72,04;69,85;70,48;70,6;162,61;166,36;164,77;161,58;156,79;164,73;162,46;163,63;166,66;165,37;168,91;165,11;165,89;154,16;153,84;153,83;171,25;164,59;217,96;223,2;131,47;231,93;246,46;166,39;66;19;10;0;12;8;865;940;925;668;673;1789;379;424;0,71;0,71;0,71;0,71;0,71;0,72;0,72;0,72;0,73;0,73;0,74;0,74;0;0,08;4,77;4,06;1201;1473;1274;1011;840;741;928;862;397;418;366;367;360;330;286;287;343;304;350;321;315;306;267;279;728;753;697;804;787;725;705;742;703;636;667;632;604;547;529;484
Vila Andrade;66,73;63,85;64,45;64,16;62,44;61,57;59,82;58,9;58,09;59,09;58,86;58,99;57,48;55,9;82,36;80,58;77,25;73,68;72,01;72,43;70,78;75,27;76,9;78,47;79,24;78,57;80,43;70,65;67,14;65,06;69,05;65,54;53,16;51,32;39,26;57,02;60,41;73,2;114;7;2;0;5;0;3702;4340;4786;4117;5053;11287;2687;3070;32,69;33,56;34,66;35,8;36,99;39,22;39,44;41,61;43,47;45,42;47,36;49,47;0,44;0,38;6,84;25,43;4162;5781;6243;6206;6743;5563;6725;6535;922;961;936;999;1057;1086;1076;1134;1155;1093;1121;1226;1057;1035;976;903;1011;1050;1134;1128;1153;1252;1279;1339;1269;1258;1252;1332;1341;1145;1125;989
Vila Curuca;65,34;63,89;62,8;63,71;61,81;61,77;60,88;59,97;62,12;60,4;59,48;58,45;58,71;57,29;110,83;111,95;110,92;109,87;103,65;105,18;104,1;106,4;107,87;107,17;107,36;104,8;101,5;92,76;91,25;90,71;97,41;94,8;39,51;38,33;80,8;36,47;27,89;104,57;37;9;34;0;46;0;6825;7594;7933;6983;7703;17142;6565;5153;6,65;6,5;6,59;6,93;6,78;7,69;6,81;7,12;7,22;7,32;10,04;10,18;0,44;0,66;5,89;12,82;8006;10272;10441;11275;10351;9929;11334;8568;1181;1213;1219;1234;1292;1215;1268;1314;1374;1261;1301;1301;1188;1058;988;852;1051;1073;1073;1141;1083;1142;1128;1119;1175;1077;1084;988;984;909;883;745
Vila Formosa;73,65;73,06;73,56;72,5;72,33;70,1;72,25;69,88;70,65;71,75;68,98;68,68;69,9;68,51;104,65;109,01;114,51;114,5;110,34;112,65;111,99;109,9;107,57;107,56;109,36;104,21;108,62;101,47;105,5;104,37;112,76;107;188,43;188,11;85,87;188,21;182,71;104,24;39;16;17;0;11;6;1827;2158;2224;1862;1617;3388;1041;898;0,9;0,9;0,91;0,91;0,92;0,92;0,93;0,93;0,94;0,95;0,96;0,97;0,07;0,18;0,47;2,57;2284;2673;2838;2847;1949;1662;1913;1555;372;387;429;342;383;349;317;327;337;338;330;349;319;299;289;267;638;695;684;642;627;661;627;659;643;585;616;590;570;544;494;414
Vila Guilherme;73,62;72,75;73,96;73,03;72,58;72,13;73,19;70,47;70,58;71,8;70,58;70,72;68,73;69,07;90,94;91,16;94,17;97,97;95,14;98,7;98,74;96,62;94,88;97,19;103,2;104,41;94,78;86,3;87,92;92,45;102;98,63;83,93;85,86;209,95;87,42;74,46;119,14;760;25;732;0;20;21;996;1604;1658;651;776;1555;400;321;2,08;2,09;2,11;2,12;2,14;2,16;2,18;2,2;2,22;2,15;2,16;0,53;0;0,44;1,05;1,15;1449;1631;2325;1021;929;719;735;548;311;383;370;350;376;378;387;379;388;302;371;379;371;317;319;288;413;452;472;448;499;518;472;438;464;435;444;443;401;336;335;295
Vila Jacui;62,96;63,82;61,91;62,05;60,7;61,82;60,05;59,19;61,34;58,17;58,37;58,92;59,41;57,71;102,57;100,66;99,77;98,1;92,91;91,76;89,79;88,58;89,7;90,84;89,33;87,98;96,05;87,2;86,69;85,43;90,6;91,04;77,35;80,14;77,62;78,7;76,83;96,7;49;15;6;0;2;6;6651;6151;6559;3869;7144;14145;5725;4475;4,74;4,81;4,88;4,96;5,03;5,11;3,72;3,78;19,31;19,63;20,14;20,47;0,06;0,55;5,68;20,11;7061;9644;8509;6356;9463;9670;9476;7085;951;975;1062;973;966;954;986;1027;1048;927;1056;1188;1131;1027;910;800;960;939;967;971;988;983;930;942;900;881;854;932;832;793;786;622
Vila Leopoldina;75,94;75,1;76,38;75,3;75,3;73,21;71,43;69,18;69,13;73,4;70,91;70,07;71,63;70,81;64,92;66,84;70,04;71,93;74,99;80,43;82,2;88,78;92,02;103,41;108,6;112,15;82,48;75,58;80,74;79,17;89,58;100,21;354,6;362,68;413,58;383,72;430,6;121,29;444;402;224;0;266;86;342;395;423;337;422;908;194;159;4,44;4,49;4,57;4,65;4,73;4,82;4,9;5,02;5,15;5,27;5,34;5,48;0,17;0,52;1;1,74;398;562;589;506;499;480;416;327;145;128;103;118;133;143;131;165;192;176;160;174;183;158;147;152;381;370;404;393;455;469;466;511;468;395;414;382;319;253;258;224
Vila Maria;68,45;66,89;68,85;67,6;66,73;67,42;65,59;65,39;66,54;66,73;65,28;64,41;64,79;63,53;109,78;110,99;111,32;109,52;105,24;107,81;109,64;111,64;110,44;111,87;109,83;109,08;108,5;98,26;99,46;100,68;109,14;104,6;128,79;128,59;118,99;122,67;111,72;114,8;428;282;79;0;54;37;5251;5854;5712;4027;4187;7943;2029;2172;13,02;13,1;13,21;13,31;13,41;13,52;13,63;13,73;11,92;11,59;11,07;8,88;0,49;0,28;2,81;6,79;6661;7539;7118;6321;5021;3923;4003;3559;1007;1011;1038;1082;1040;1033;962;984;1104;1056;1131;1091;1055;1050;928;817;838;910;918;908;935;919;935;946;868;845;885;775;843;815;791;663
Vila Mariana;79,01;78,57;78,56;78,36;77,99;77,24;77,73;76,15;76,43;77,07;76,56;74,94;74,83;74,21;148,64;153,76;160,29;166,83;164,33;173,1;175,26;175,4;172,29;173,35;172;173,42;156,97;149,45;157,92;162,81;178,85;169,73;156,18;160,34;129,46;160,09;156,1;172;275;148;102;0;95;105;689;860;787;747;711;1352;480;302;0,84;0,84;0,85;0,85;0,86;0,86;0,87;0,88;0,89;0,88;0,83;0,84;0,2;0,08;0,11;0,21;936;1092;1093;1141;859;773;682;488;308;304;314;291;306;359;313;344;365;346;391;388;401;381;375;305;830;906;934;983;927;938;966;933;854;795;833;776;753;633;582;535
Vila Matilde;72,05;71,46;72,38;71,27;71,17;70,54;70,5;70,38;69,53;68,53;68,84;67,48;66,9;66,9;145,24;149,75;151,2;151,3;141,18;144,32;145,81;147,82;144,76;144,39;147,21;146,9;134,94;126,46;128,91;130,54;138,04;139,35;102,38;106,9;107,46;102,12;100,87;146,35;66;17;7;0;6;13;1674;1773;1830;1391;1838;4128;1479;1224;0,62;0,62;0,63;0,63;0,64;0,64;0,65;0,65;0,66;0,59;0,58;0,59;0,06;0,08;0,37;0,9;2277;2703;2344;2063;2222;2262;2793;2164;501;539;486;497;516;465;474;494;577;500;522;534;493;381;395;325;813;784;854;835;800;842;815;823;780;765;742;691;690;628;555;550
Vila Medeiros;69,4;68,66;69,89;69,24;68,01;68,7;67,79;67,42;66,87;65,87;66,28;65,57;64,8;64,75;100,65;104;105,11;104,89;103;107,29;108,26;109,31;110,22;109,28;107,4;103,79;92,57;84,77;85,72;86,08;94,08;94;84,81;87,5;78,25;84,85;75,47;94,74;50;20;19;0;8;6;3560;4013;4196;2934;2686;5866;1582;1654;2,98;2,98;2,99;3;3;3,01;3,02;3,01;3,02;3,02;2,85;2,85;0,35;0,18;5,1;7,08;4231;5343;5324;4604;3219;2664;3064;2861;937;955;1010;940;913;918;876;815;950;914;894;934;899;790;737;667;1009;959;928;995;958;991;979;959;967;887;827;846;882;827;734;594
Vila Prudente;73,25;71,46;73,34;72,01;72,55;71,37;70,77;71,49;72,1;70,34;69,87;69,53;70,51;69,31;110,43;111,91;115,02;112,15;107,56;111,56;113,83;116,3;114,82;111,67;112,97;110,94;106,19;99,28;101,31;98,7;107,67;104;95,65;99,89;171,86;97,22;82,98;116,58;267;230;203;0;160;46;1916;2862;3550;2050;2346;4173;1243;981;5,24;5,26;5,29;5,33;5,36;5,4;5,43;5,47;5,52;5,56;5,25;5,28;0;0,1;1,95;3,47;2637;3116;4553;3380;2782;2328;1963;1599;524;517;512;480;428;453;396;416;444;461;472;451;448;427;406;338;691;757;852;843;853;843;842;870;811;755;788;726;758;695;667;574
Vila Sonia;73;69,11;72,03;71,28;71,86;69,5;69,98;70,8;68,62;69,11;69,5;69,65;67,31;66,65;73,45;73,32;78,13;78,87;78,17;80,36;85,76;90,23;89,54;93,3;95,7;95,04;71,71;65,26;71,29;72,13;78,94;83,47;150,16;159,06;46,72;161,33;174,14;103,59;7;9;1;0;5;14;1982;2819;3297;3735;2773;6802;1702;1652;22,74;23,04;23,42;23,8;24,19;24,71;25,05;25,57;26,09;26,64;21,14;21,59;1,22;1,39;10,52;7;2412;3153;4505;5301;3393;2915;3143;2781;569;574;612;622;585;608;605;616;667;632;569;539;623;576;529;458;848;932;919;953;955;967;1015;960;984;840;889;803;830;725;656;614
