ID;Data_Medicao;X1;X2;X3;X4;X5;X6;X7;elnino12;elnino34;AAO
1;31/01/1990;168,4;152,8;200,5;208,5;NA;219,7;64;-0,44;0,26;-0,3521
2;28/02/1990;47,1;112,5;123,6;166,2;164;NA;164,2;-0,19;0,52;1,1507
3;31/03/1990;236,6;189,4;153,7;169,5;188,1;157,5;108;-0,36;0,59;0,4142
4;30/04/1990;389,3;327;262,8;252,7;253,7;243,7;195,5;-0,25;0,43;-1,8786
5;31/05/1990;183;230,1;341;181,9;123,2;153,1;53,6;-0,15;0,17;-1,8034
6;30/06/1990;280,8;213,1;221,5;179,7;86;183,8;112,9;-0,14;0,1;0,0931
7;31/07/1990;116,1;82,1;123,5;79,7;NA;78;47,9;-0,6;0,18;-1,2151
8;31/08/1990;43,9;35,9;NA;52,7;19,3;34,5;20,8;-0,4;0,49;0,4657
9;30/09/1990;242,3;309,3;332,1;186,1;227,5;232,6;232,6;-0,23;0,35;1,4816
10;31/10/1990;237,6;256,1;248,2;250,4;163,9;228,3;245,5;-0,54;0,57;0,139
11;30/11/1990;323,4;195;254,5;166,5;278,1;209,1;219,6;-0,75;0,43;-0,359
12;31/12/1990;108,1;101;101,4;123,7;117,6;120,8;152,5;-0,34;0,65;-0,3117
13;31/01/1991;94,2;76,4;147,1;145,4;48,6;74,1;55,1;-0,6;0,7;0,8689
14;28/02/1991;14,9;54,8;19,3;66,6;36,5;NA;82,1;-0,1;0,63;-0,8517
15;31/03/1991;78,5;57,1;45,9;57;100,3;36,6;61,4;-0,01;0,45;0,5223
16;30/04/1991;185,7;160,2;109,7;139,6;330,9;165,3;210,3;-0,48;0,63;-0,6394
17;31/05/1991;136;36,5;45,5;41;54,6;35,2;32,9;0,17;0,63;-0,5386
18;30/06/1991;234,9;299,6;240,7;164,6;178,7;236,1;103,4;0,23;0,51;-1,1546
19;31/07/1991;105,9;108,3;95,4;75,5;130,9;126,1;180,3;0,45;0,46;-1,2202
20;31/08/1991;27,3;104,8;92,4;105,4;57,8;78;114,4;0,43;0,57;0,0355
21;30/09/1991;59,4;95,4;58,5;53,6;59,9;78,8;59,8;0,39;0,5;-0,513
22;31/10/1991;106,6;84;179,5;189,7;47,3;129,6;89,3;0,31;0,78;-0,6232
23;30/11/1991;88,3;49,3;80,7;147,1;25,6;94,6;67,1;0,59;0,82;-0,8042
24;31/12/1991;261,2;230,6;264,3;307,4;322,6;278,3;124,9;0,64;0,96;-2,0675
25;31/01/1992;57,5;167,8;183,2;142,7;82,3;140,3;166,6;0,37;0,76;0,0726
26;29/02/1992;339,3;228,3;164,4;139,1;253,4;NA;87,1;0,61;0,92;-1,6268
27;31/03/1992;124,7;228,5;203,1;242,8;134,4;207,1;197,2;1,24;0,89;-1,0103
28;30/04/1992;132,5;145,5;118,1;65,7;271,1;116,9;166;2,21;0,92;-0,4393
29;31/05/1992;317,9;392,8;386,7;225,5;157,6;205;79,6;2,11;0,67;-2,032
30;30/06/1992;87,8;165,9;109,9;95,2;142,7;138,9;118,4;1;0,47;-2,1933
31;31/07/1992;81,8;142,1;241,6;196,4;127,3;233,5;227,5;0,35;0,55;-0,5662
32;31/08/1992;57,5;129,2;147,8;164,2;83,4;152,6;67;-0,1;0,22;-0,3495
33;30/09/1992;204,6;176,8;186,3;161,8;152,8;186,1;199;-0,3;0,1;0,435
34;31/10/1992;260,9;187,4;136,5;38,9;133,5;108,1;95,4;0;0,03;-0,3194
35;30/11/1992;121,7;125,7;280,2;112,5;77,8;96,4;51,4;-0,1;0,07;0,1218
36;31/12/1992;46,2;78,4;130,3;46,2;67,8;78,7;69;-0,31;0,27;0,2436
37;31/01/1993;306,3;269,6;255,5;271,4;366,3;NA;165,7;-0,03;0,3;-2,0206
38;28/02/1993;63,9;94,4;152,7;67,2;87,9;94,4;106,6;0,42;0,31;0,437
39;31/03/1993;295,5;182,5;197;126,8;109,5;112;71,6;0,65;0,41;-0,3776
40;30/04/1993;161,9;88;75;195,6;66,6;92;34,7;0,97;0,43;0,0872
41;31/05/1993;219,6;223,1;176,2;165,3;237,4;176,6;184,9;0,95;0,34;1,2599
42;30/06/1993;130,2;112,7;137,2;85,2;168,8;167,9;102,7;0,94;0,33;1,2179
43;31/07/1993;122;253;284;263,6;227,2;258,3;198,3;0,46;0,4;1,9571
44;31/08/1993;21,4;16,3;15,2;22,5;13,6;51,1;36,8;0,4;0,26;1,0829
45;30/09/1993;82,4;88,5;136,5;124;98;165,6;72,2;0,47;0,38;1,061
46;31/10/1993;186,3;135;154,2;94,6;192,5;124,9;147,8;0,17;0,24;0,7482
47;30/11/1993;258,6;286,9;273,9;88,9;253,6;121,2;175,1;0,05;0,34;0,3237
48;31/12/1993;269,8;301,4;259;267,4;204,4;220,5;198,3;-0,04;0,41;1,0281
49;31/01/1994;78,7;88,7;55,2;116,5;47,5;NA;74,2;-0,14;0,17;0,7227
50;28/02/1994;378,5;317,2;330,5;251,6;256,2;226,1;251;-0,28;-0,03;1,157
51;31/03/1994;91,7;95;69,8;94,4;111,1;146,9;139,6;-1,09;0,07;0,6933
52;30/04/1994;221;286,9;193,6;139,4;192,2;234,7;155,9;-1,15;0,12;-0,0525
53;31/05/1994;220,3;165,6;152,2;205,3;283,4;268;140,8;-0,98;0,21;-0,1527
54;30/06/1994;127;191,4;198,8;129,2;177,6;171;132,4;-0,39;0,34;-1,6819
55;31/07/1994;313,9;283,4;243;166,1;299;213,1;180,2;-0,39;0,6;-0,4922
56;31/08/1994;78,3;103,9;46;37,6;154,6;114,5;147,9;-0,95;0,78;1,9099
57;30/09/1994;137,4;157,6;161,7;94,1;136,1;118,9;38,3;-0,2;0,54;-0,9471
58;31/10/1994;239;321,1;308,7;200,3;224;272,3;228,6;0,71;0,79;-0,5778
59;30/11/1994;213,7;186,7;138,1;110,9;138,8;131,1;77,8;0,82;1;-0,7926
60;31/12/1994;123,6;150;235,2;208,9;120,9;177,7;103,9;0,82;1,01;0,9327
61;31/01/1995;118,9;176,7;300,9;233,8;123,8;165,1;87,7;0,87;0,9;1,4485
62;28/02/1995;100,7;90,6;84;138,5;85,8;NA;85,5;0,36;0,91;0,5329
63;31/03/1995;176,5;134,6;73,5;46,9;229,2;54,9;59,8;-0,4;0,77;-0,1544
64;30/04/1995;52,2;63;68,1;72,9;74,9;182;85;-1;0,39;0,6488
65;31/05/1995;74;42,9;21,4;15,2;93,4;37,3;64,9;-1,1;0,36;1,3967
66;30/06/1995;101,9;123,6;174,7;152,9;137,4;188;181,4;-0,37;0,17;-0,802
67;31/07/1995;204,7;157;135,9;209,6;195,3;258,6;249,1;-0,37;-0,02;-3,0097
68;31/08/1995;120,6;70,5;76,1;121,7;130,9;97,5;152,7;-0,64;-0,25;-0,6965
69;30/09/1995;67,1;144,5;135,4;117,6;230,9;156;184,6;-0,19;-0,44;1,1733
70;31/10/1995;174,8;181,2;198,6;64,9;71,8;110,3;87,7;-0,67;-0,59;-0,057
71;30/11/1995;16;27,5;78,2;77,2;10,3;60,8;56,4;-0,39;-0,66;0,1429
72;31/12/1995;76,3;48,6;31,6;109,4;61,4;112,7;136,7;-0,77;-0,42;1,4697
73;31/01/1996;270,7;218,6;355,3;255,4;447,4;403,3;179,4;-0,62;-0,38;0,3321
74;29/02/1996;318,5;215,3;135,2;93,1;203,7;NA;87;-0,36;-0,53;-0,525
75;31/03/1996;113;140,3;104,5;127,2;68,1;87,6;88,1;-0,43;-0,48;0,5435
76;30/04/1996;229,6;127,7;75,9;60,5;138,3;113;74,4;-1,62;-0,43;0,115
77;31/05/1996;40,4;67,4;73,9;57,2;4,6;37,8;10,3;-1,31;-0,36;0,9832
78;30/06/1996;100;126,5;140,6;159,1;132,9;208,2;158,1;-1,26;-0,29;-0,252
79;31/07/1996;47,5;98,5;126,1;127,1;45,7;62,3;24,7;-1,58;-0,3;0,0209
80;31/08/1996;132,7;180;213,9;214,4;151,2;NA;156,7;-1,12;-0,14;-1,5019
81;30/09/1996;76,3;81,4;119,5;152,2;104,4;NA;135,3;-1,12;-0,26;-1,3144
82;31/10/1996;216,8;216,1;157,8;177,2;130,2;207,6;186,2;-0,87;-0,24;0,9658
83;30/11/1996;104,8;94,7;107,4;112,5;52,7;129,4;93,7;-1,33;-0,3;-1,6669
84;31/12/1996;152,4;116,1;123,2;239,1;218,9;119,3;111,5;-1,18;-0,05;-0,0231
85;31/01/1997;91,8;114,9;156,3;157,8;100,4;131,4;102,1;-0,79;0,11;0,3689
86;28/02/1997;216,1;135,3;129,8;253,3;216,9;NA;126;-0,33;0,23;-0,2442
87;31/03/1997;127,9;23,2;33,2;45,2;18,8;48,8;48,8;0,43;0,33;0,7011
88;30/04/1997;138;73,1;69,5;56,2;67,9;74;63,3;1,17;0,82;-0,4576
89;31/05/1997;141,6;130,1;103,7;45,7;112,2;54,8;63,7;2,51;0,66;1,0281
90;30/06/1997;150,5;189,6;114,4;132,5;187,6;144,5;171,8;3,45;0,56;-0,4576
91;31/07/1997;94,3;76;115,8;125,1;110;136,8;103,5;3,99;0,7;0,7797
92;31/08/1997;135,5;191,4;258,4;308,1;160,3;318;185;4,15;0,58;0,7684
93;30/09/1997;99,3;102,7;152;85,4;58;79,7;52,9;4,04;0,63;0,1222
94;31/10/1997;688,3;617,6;550,4;333,7;476,8;338,9;266,2;3,76;0,66;-0,5947
95;30/11/1997;288,6;406,3;339,9;245,5;193,1;233,9;121,5;4,04;0,86;-1,9046
96;31/12/1997;279,6;279,4;235,5;98,6;297,4;236,3;197;4,13;0,83;-0,8355
97;31/01/1998;278,3;175,8;231;197,6;226,3;170,9;134,2;3,76;0,71;0,4125
98;28/02/1998;385,7;439,6;357,6;365,2;211,9;NA;128,1;2,91;0,77;0,3896
99;31/03/1998;244,8;109,7;229,9;211,3;231,6;123,5;147,7;2,63;0,46;0,7359
100;30/04/1998;375,9;265,3;342,2;179,7;339,1;179;101,5;3,14;0,03;1,9273
101;31/05/1998;143,6;174,8;201;87,2;123,3;167,8;153,9;3,49;-0,08;-0,0381
102;30/06/1998;109,9;86,4;82,7;129,8;78,6;102,6;48,9;2,36;-0,23;1,031
103;31/07/1998;104,8;135,9;191;134,7;231,5;167,1;236,9;1,83;-0,73;1,45
104;31/08/1998;247,8;221,4;257,4;211;167,6;209,6;146,3;1,12;-0,91;0,9041
105;30/09/1998;236,9;153,4;204,2;164,1;219,3;189,3;137,5;0,51;-0,81;-0,1224
106;31/10/1998;278,8;184,5;116,9;71,9;123,4;83,5;44,4;0,34;-1,33;0,3995
107;30/11/1998;68,6;27,1;68,5;73,1;99,5;80,5;47,4;-0,16;-1,4;0,8172
108;31/12/1998;143,6;144,5;122,6;179;114,3;110,8;134,6;-0,23;-1,38;1,4352
109;31/01/1999;17,9;57,2;125,3;130,7;110,7;NA;100,6;-0,73;-1,71;0,9991
110;28/02/1999;162,7;106;114,4;130,9;141,9;99;80,4;-0,43;-1,58;0,4559
111;31/03/1999;100,2;144,2;65,4;107,6;82,4;61,2;53;0,1;-1,29;0,1805
112;30/04/1999;289,7;205,4;188,3;183;191,4;158,7;162,2;-1,17;-1,15;0,9494
113;31/05/1999;234,8;141,2;108,7;89,3;222,1;110,7;110,9;-0,74;-0,92;1,639
114;30/06/1999;128,5;143,1;94,3;63,9;131,1;98,6;152,1;-0,99;-0,83;-1,3249
115;31/07/1999;195;217,9;176,9;194,5;200,5;178,4;168,9;-1,16;-0,88;0,3156
116;31/08/1999;30;31,5;19,4;38,7;51,7;61;71,6;-0,9;-0,95;0,0419
117;30/09/1999;266,8;188,8;149,5;113,7;118;112;107,9;-1,13;-0,87;-0,0121
118;31/10/1999;212,5;223,2;176,9;150;208,6;162,3;115,8;-0,77;-0,81;1,6535
119;30/11/1999;111,1;87,4;118,6;106,7;83,1;104;108,6;-1,08;-1,07;0,9006
120;31/12/1999;92,9;71,6;131,1;89,4;75,2;130,5;65,1;-1,07;-1,26;1,7838
121;31/01/2000;93,7;106,4;143,6;163,9;246;165,8;41,3;-0,6;-1,34;1,2734
122;29/02/2000;81,1;51,9;105,7;182,3;90,5;128;108,4;-0,36;-1,44;0,6197
123;31/03/2000;411,5;212,3;267,4;117,3;248,9;116;107,9;-0,33;-1,43;0,1331
124;30/04/2000;156,4;130,4;76,1;102,7;78,2;111,7;141,2;0,37;-1,13;0,2327
125;31/05/2000;193,7;91,5;76,8;68,5;143,2;57,3;129,6;-0,1;-0,98;1,1271
126;30/06/2000;336;192,8;205,5;144,2;262,2;197,4;231,9;-0,57;-0,73;0,1172
127;31/07/2000;81,6;94,3;148,1;140,6;94,6;131,2;123,1;-1,01;-0,6;0,0586
128;31/08/2000;80;102,6;83,8;119,5;99,2;108,9;93,9;-0,55;-0,36;-0,6736
129;30/09/2000;129,7;132;169;222,1;242,4;204,4;240,2;-0,42;-0,25;-1,8529
130;31/10/2000;309;311,6;339,3;240,4;185;266,5;141,6;-0,45;-0,49;0,347
131;30/11/2000;130,4;137,1;164,2;102,4;204,2;153,6;141,2;-0,99;-0,54;-1,5371
132;31/12/2000;227;168;159,9;140,4;154,2;174,8;72;-0,57;-0,89;-1,2903
133;31/01/2001;325,5;273,3;212,5;277,7;NA;NA;237,7;-0,58;-0,8;-0,4709
134;28/02/2001;199,3;100,5;196,5;178,9;124,8;111,5;102,5;-0,16;-0,83;-0,2649
135;31/03/2001;189,5;97,1;110,5;216,9;144,1;165,3;122,2;0,92;-0,57;-0,5548
136;30/04/2001;250,3;142,1;118,4;116,2;252,6;255,9;294,9;1,22;-0,31;0,515
137;31/05/2001;108,6;156,3;164,6;174,4;NA;108,2;44,5;-0,43;-0,15;-0,2622
138;30/06/2001;112,2;81,8;106,5;191,1;179,5;113,5;98,5;-1,08;-0,01;0,3861
139;31/07/2001;112,9;95,7;103,5;241,8;201,5;242,3;194,5;-0,72;0,26;-0,9283
140;31/08/2001;87;53,7;28,1;45,6;68,5;39,6;32,6;-0,75;0,28;0,9103
141;30/09/2001;65;68;99,6;76,3;94,4;88,8;159;-0,97;0,45;1,1614
142;31/10/2001;103,1;202;231,4;205,5;141,6;120,3;143,1;-1,3;0,35;1,2771
143;30/11/2001;60,3;116;85,5;193,6;94,5;214,4;182,7;-1,1;0,33;0,9958
144;31/12/2001;46;64;147,3;91,2;71,8;102,3;76,5;-0,83;0,11;1,4736
145;31/01/2002;96,5;175,7;96;178,7;111,8;159;72,4;-0,82;0,51;0,7469
146;28/02/2002;141;101,8;76,7;137,9;101,2;119,3;83;-0,01;0,66;1,3341
147;31/03/2002;297,8;164,9;356,8;103,4;252,1;138;152,2;1,01;0,49;-1,8235
148;30/04/2002;245,9;236,6;135,9;127,4;183,7;157,2;139,4;1,06;0,59;0,165
149;31/05/2002;189,6;184,4;140,4;109,5;204,6;130,7;151,8;0,6;0,66;-2,7985
150;30/06/2002;102,4;215;219;263,8;175,1;244,9;178,8;-0,15;0,79;-1,112
151;31/07/2002;201,1;290,4;146,3;137,9;238,3;184,9;186,6;-0,59;0,69;-0,591
152;31/08/2002;220,3;365;233,8;158,2;283,8;175,5;154,3;-0,71;0,72;-0,0994
153;30/09/2002;278;266,9;253,6;172,9;306,8;160,6;167,8;-0,47;0,75;-0,8645
154;31/10/2002;538,3;578,6;372,3;278,1;349,8;302,9;177,5;0,34;0,9;-2,564
155;30/11/2002;208,6;267,3;205;174,3;243,4;204,2;117,5;0,66;1,2;-0,9235
156;31/12/2002;345,5;451,4;329,5;180,9;232,8;248;137,2;0,65;1;1,3085
157;31/01/2003;155,6;184,7;176,2;130,5;177,8;152,5;130,9;-0,08;0,95;-0,9879
158;28/02/2003;225,7;264;265,7;213,3;204,7;307,5;199,2;-0,26;0,93;-0,3569
159;31/03/2003;134,1;256,6;128,3;84,9;342,4;139,8;108,2;-0,55;0,84;-0,1877
160;30/04/2003;233,1;146,4;114,3;128,3;190;115,2;88,9;-1,03;0,46;0,2243
161;31/05/2003;59,1;61,1;107,3;76,7;69,1;78,5;46;-1,71;0,13;0,3845
162;30/06/2003;99,1;95,9;152,6;126,6;170,5;154,5;167;-1,24;0,25;-0,7745
163;31/07/2003;50,8;165,1;100,6;104;112,8;165,3;159,1;-0,85;0,31;0,727
164;31/08/2003;97,9;70,4;57,5;46,2;73,9;62,7;57,8;-0,51;0,37;0,678
165;30/09/2003;66,4;97,9;64;63,5;57,2;77,7;56,2;-0,36;0,33;-0,3231
166;31/10/2003;167,7;208,3;237,1;191,3;193,4;192;190,2;0,17;0,56;-0,0249
167;30/11/2003;206,4;232,3;168,2;149,7;228,6;189,6;137,2;0,33;0,68;-0,7117
168;31/12/2003;368,7;328,3;391,5;316,4;357,3;334,9;185;0,2;0,53;-1,3229
169;31/01/2004;45,3;70,6;97,5;124,2;21,7;64,2;58,1;0,14;0,53;0,8071
170;29/02/2004;20,8;99,3;123;52,5;110,8;78,6;87;-0,26;0,49;-1,1819
171;31/03/2004;33,3;55,6;26,7;114,4;94,1;39,4;27,4;-0,58;0,24;0,4317
172;30/04/2004;208,8;125,9;142,3;92,8;101,5;77,2;64,9;-0,15;0,25;0,151
173;31/05/2004;50,4;136,9;222,4;137,3;85,8;204,4;186,7;-1,15;0,37;0,4596
174;30/06/2004;54,7;124,9;133,5;31,3;72,1;58,3;102,7;-1,22;0,33;1,1954
175;31/07/2004;85,6;121,5;88,8;129,2;72,5;168,8;141,8;-0,89;0,59;1,4743
176;31/08/2004;56,4;55,1;53;34;85,3;38,1;71,5;-1,03;0,63;-0,0712
177;30/09/2004;91,1;146,4;234,3;213,2;96,3;164,7;193,3;-0,29;0,91;0,2536
178;31/10/2004;174,7;127,6;193,2;126,2;120,1;185,2;76,2;0,1;0,89;-0,0425
179;30/11/2004;193,3;228,3;121,9;115,6;147,7;163;117,6;0,37;0,94;-0,2422
180;31/12/2004;108,5;64,7;67,3;127,4;62,2;51,9;33,7;0,15;0,91;-0,9729
181;31/01/2005;112,2;118,8;104,5;74;49,8;45,5;28,8;0,01;0,91;-0,1287
182;28/02/2005;78,3;15,3;28,1;80,2;59,4;92,9;41;-0,58;0,73;1,2435
183;31/03/2005;79,9;78,3;88,3;139,7;55,4;100,7;141,3;-0,92;0,72;0,1583
184;30/04/2005;338,1;261,7;291,9;173,6;276,1;225,5;145,8;-0,57;0,46;0,3554
185;31/05/2005;289,3;268,7;317;178,6;183,7;194,1;153,7;0,2;0,39;-0,2973
186;30/06/2005;392,2;283,7;273,1;143,6;106,5;127,7;34,7;-0,35;0,34;-1,4277
187;31/07/2005;71,3;106,9;83,7;112,4;56,2;123,3;57,7;-0,42;0,25;-0,252
188;31/08/2005;137,4;174,5;135,4;154,9;81,1;212,6;155,9;-0,04;0,18;0,2282
189;30/09/2005;140,4;139,9;152,7;174,8;212,5;171,5;164,3;-0,65;0,15;0,2407
190;31/10/2005;342;411,9;384,8;313,2;284,3;322,7;271,1;-1,1;0,23;0,031
191;30/11/2005;94,3;87,3;146;97,9;57,2;94,8;79,3;-0,97;0,04;-0,5515
192;31/12/2005;189,1;128,1;81,6;65,8;101,9;55,9;56;-0,5;-0,14;-1,9678
193;31/01/2006;84,4;123,1;132,4;152,7;197,7;144,1;174,2;-0,13;-0,62;0,3389
194;28/02/2006;63,6;29,6;111,1;98;45,5;179,4;88,9;0,39;-0,71;-0,2113
195;31/03/2006;179,6;272,1;164,6;78;80,2;174,4;81,2;0,25;-0,4;0,5006
196;30/04/2006;104,2;107,2;55;54,9;68,6;46,5;17,6;-1,32;-0,12;-0,1693
197;31/05/2006;21,7;61,5;36,8;22,8;81,7;107,7;171,8;-0,34;0,12;1,6954
198;30/06/2006;102,3;151,8;167,5;125,1;77,8;185,5;66,7;-0,05;0,31;0,438
199;31/07/2006;96;149,4;147,9;192,1;106,2;203,3;67,5;0,59;0,27;0,9255
200;31/08/2006;83,4;65,7;132,2;104,4;75,6;96,8;84,1;0,94;0,54;-1,7271
201;30/09/2006;165,6;127;112,8;76,6;154,2;96;99,6;1,07;0,71;-0,3241
202;31/10/2006;263,6;184,5;94,9;42,3;208,9;60,6;38,6;1,4;0,78;0,8792
203;30/11/2006;255,3;231,4;311,9;170,7;134,6;187,6;118,4;1,1;1;0,1013
204;31/12/2006;172,4;140,1;106,3;159,4;84,2;87,2;136;0,66;0,98;0,6384
205;31/01/2007;244;130,9;260,7;156;163,9;112,2;89;0,53;0,63;-0,0828
206;28/02/2007;164,1;141,6;126,8;267,5;145,2;205,9;167,5;0,17;0,52;0,0749
207;31/03/2007;155,1;109,1;198,7;156,8;173,6;150,2;108,9;-0,78;0,38;-0,5701
208;30/04/2007;268,8;164,6;254,5;158,1;122;85,7;38,9;-1,17;0,2;-1,0352
209;31/05/2007;205,4;187,5;295,3;227;102,8;186,8;134,9;-1,47;0,07;-0,6119
210;30/06/2007;53;37,4;68,3;68,3;131,6;61,5;235,7;-1,23;0,14;-1,198
211;31/07/2007;118,2;170,1;325,7;267,6;75,6;272,5;178,6;-1,33;0,01;-2,6307
212;31/08/2007;51,6;78,2;128,7;119,2;112,8;131,7;149,1;-1,49;-0,1;-0,1079
213;30/09/2007;367,1;342,9;268,6;252,8;211,8;271;174,9;-1,79;-0,57;0,0305
214;31/10/2007;222,9;224,9;293,5;139;112,8;96,3;70;-2,02;-0,8;-0,4337
215;30/11/2007;164,5;126,6;186,5;209,9;105;182,1;132,3;-2,1;-1,21;-0,9838
216;31/12/2007;105,4;73,7;218,4;149,7;202,1;204;89;-1,77;-1,19;1,9293
217;31/01/2008;140,1;99,9;82,8;102,3;95,7;75,5;105;-0,6;-1,68;1,2085
218;29/02/2008;136,9;59,3;150,2;155,7;127,3;94,7;72,1;0,25;-1,67;1,1474
219;31/03/2008;53,3;53,6;130;156,7;106,9;86,5;75,1;0,78;-1,35;0,5875
220;30/04/2008;195,2;121,4;297,3;107,4;131,9;79,4;125,2;0,42;-1,06;-0,8734
221;31/05/2008;89,4;86,9;102,3;102,5;131,7;190,9;220,7;0,21;-0,89;-0,4898
222;30/06/2008;189;197,4;232,2;126,4;157,7;131,2;124,8;0,73;-0,76;1,3484
223;31/07/2008;50,9;72,8;59,8;45,3;176,8;71,7;138,4;1,03;-0,55;0,3202
224;31/08/2008;132,5;129,6;163,1;109,3;99,8;189,2;121,9;1,14;-0,5;0,087
225;30/09/2008;80,9;81,9;97,5;152,9;120,8;166,1;156,5;0,83;-0,55;1,3856
226;31/10/2008;483,5;383,4;351,7;308,1;255,3;276,4;219,5;-0,07;-0,37;1,2149
227;30/11/2008;47,9;123,6;237,4;143,7;43,9;69,6;21,8;-0,15;-0,55;0,9197
228;31/12/2008;40,3;100,5;72,6;112,7;31,7;105,6;120,6;-0,36;-0,77;1,1938
229;31/01/2009;126,3;126,6;94,5;193,5;162,1;242,6;169,6;-0,1;-0,88;0,9626
230;28/02/2009;131,7;126,9;155,4;127,7;165,4;150,3;111,4;-0,11;-0,73;0,4558
231;31/03/2009;44;44,7;76,4;73,5;131,7;58,3;72,6;-0,26;-0,4;0,6046
232;30/04/2009;7,5;10,4;4,8;15,9;25,6;43,4;31;0,37;-0,13;0,0292
233;31/05/2009;156,1;139,1;185;109,5;96,5;109;106,1;0,56;0,2;-0,7328
234;30/06/2009;102;46,6;75,2;88,9;76,8;82,3;57,1;0,85;0,36;-0,47
235;31/07/2009;122,1;136,2;222,3;143,8;91,4;104,5;57,2;1,02;0,4;-1,2342
236;31/08/2009;193,7;293,7;268,8;228,1;164,5;252,5;264,5;1;0,53;-0,6856
237;30/09/2009;224,9;361,8;489,7;528,8;345,3;421,7;293,7;0,47;0,58;-0,0165
238;31/10/2009;176,3;129,8;133,9;127,3;108,7;146,2;125;0,17;0,99;0,0848
239;30/11/2009;672,2;469,8;349;260,8;480,9;302,2;287,6;0,51;1,25;-1,9151
240;31/12/2009;214,5;211,6;142;147,8;305,7;187,8;143,8;0,35;1,18;0,6068
241;31/01/2010;399,1;262,4;126,5;331,8;405,9;305,8;173,7;0,3;1,21;-0,7569
242;28/02/2010;244,5;147,5;103,6;305,3;124,7;111,4;110,9;-0,06;1;-0,7752
243;31/03/2010;93,3;56,1;68;82,7;25,1;106,7;103,1;-0,4;1,02;0,1083
244;30/04/2010;150,6;195,7;216,4;179,5;116,8;149,8;71,6;0,45;0,74;0,3774
245;31/05/2010;138,6;171,4;130,9;170,8;117,7;155,9;119,9;0;0,24;1,021
246;30/06/2010;73,3;131,2;141,7;125,3;128,9;110,7;204,6;-0,27;-0,21;2,0707
247;31/07/2010;217,6;202,7;187,1;173,8;238,3;224,6;170,2;-1,54;-0,71;2,4237
248;31/08/2010;13,6;48,8;49,2;75,9;109,4;56,7;95,5;-1,37;-1,2;1,5101
249;30/09/2010;279,2;293,2;240;180,9;244,9;208,2;180,8;-1,44;-1,56;0,4018
250;31/10/2010;118;98,6;143,7;119,8;49,3;73,1;57,8;-1,73;-1,6;1,3349
251;30/11/2010;48,6;80,5;60;188,5;71,3;116,1;72,1;-1,56;-1,57;1,5163
252;31/12/2010;231,4;165,2;194,4;94,3;157,9;63,6;92,9;-1,34;-1,6;0,2054
253;31/01/2011;108,2;111,4;150,4;188,3;127,1;201,9;135,7;-0,44;-1,58;0,0524
254;28/02/2011;193;470,3;219,4;301,3;165,8;179,6;119,5;0,08;-1,15;1,0738
255;31/03/2011;141,4;286,9;219,6;241,2;54,9;204;83,1;-0,43;-0,77;-0,2962
256;30/04/2011;178,2;215,7;108,8;139,8;164,9;156,1;172,7;0,16;-0,64;-0,87
257;31/05/2011;82,5;101,2;137,1;79;54,9;76,4;50,1;0,62;-0,51;1,2657
258;30/06/2011;145,7;181,2;226,7;173,8;99;171,2;109,6;0,85;-0,37;-0,099
259;31/07/2011;162,9;210,6;340;270,5;163,1;299,5;225,7;0,45;-0,33;-1,3842
260;31/08/2011;150;217,6;254,4;295;138,5;274,9;182,3;0;-0,36;-1,202
261;30/09/2011;90,1;44,6;47,3;100,9;61,2;88,2;53;-0,59;-0,64;-1,25
262;31/10/2011;237,1;189,1;194,7;163,1;184,8;113,9;123,7;-0,6;-0,72;0,3882
263;30/11/2011;82,7;59,3;77,1;34,4;41,6;21,5;13,7;-0,8;-0,77;-0,9075
264;31/12/2011;38,3;53,1;91,2;112,5;13,4;60,2;52,1;-0,96;-1,1;2,5735
265;31/01/2012;49,4;52,5;105,3;155,3;68,8;252,4;166;-0,64;-1,21;1,5833
266;29/02/2012;48,7;80,9;86;141,1;135,4;195,9;139,5;0,16;-0,9;-0,2831
267;31/03/2012;62,9;56,2;114,5;32;151,1;80,8;122,7;0,27;-0,66;0,2748
268;30/04/2012;94,2;66;58,2;47,4;108,7;93,6;77,1;1,3;-0,34;0,6656
269;31/05/2012;16,2;21,2;28,5;46,4;138,2;41,5;35,7;1,2;-0,26;0,1528
270;30/06/2012;59,8;54,7;186,6;142,8;35,1;83;31,9;1,59;-0,11;-0,1971
271;31/07/2012;81,1;194,4;209,3;287,9;70,4;203,6;144,9;0,99;0,06;1,2593
272;31/08/2012;82,2;68,9;28,1;41;74,5;68,1;93,6;0,35;0,42;0,4888
273;30/09/2012;113,4;218,4;142,3;215,6;177,5;218,2;273,7;0,49;0,43;0,5624
274;31/10/2012;454,4;302,8;253,2;148,2;255,2;205,2;121,1;-0,11;0,5;-0,4442
275;30/11/2012;67,2;75,9;34;78,2;72,8;70,6;26;-0,38;0,54;-1,7009
276;31/12/2012;348,1;442,5;176,3;204,9;293;253,3;196;-0,68;0,23;-0,7635
277;31/01/2013;198,3;117,7;101,8;116,1;145,3;131,6;106,1;-0,52;-0,02;0,071
278;28/02/2013;160,3;130,8;170,5;212,1;97,7;157,3;112,8;-0,41;-0,04;0,7156
279;31/03/2013;268,4;200,3;165,9;211,1;188,6;159,9;78;0,07;-0,24;1,3748
280;30/04/2013;273;138,2;95,7;45,4;147,4;93,3;108,9;-0,86;-0,03;0,6106
281;31/05/2013;141,4;174,2;85,2;75,3;71,6;110,8;65,3;-1,38;-0,08;0,3596
282;30/06/2013;55,5;72,6;127,6;136,4;81,6;144,9;100,7;-1,4;-0,08;-0,2711
283;31/07/2013;157,2;73,7;81,4;98,4;113,5;82,3;115,9;-1,33;-0,04;0,9453
284;31/08/2013;111,6;186,1;363,6;415,5;163,8;373,6;247,4;-0,98;0,03;-1,5609
285;30/09/2013;104,2;138,6;184;232,1;69,2;186,2;135,3;-0,57;0,01;-1,6583
286;31/10/2013;179;146,8;186,4;148,7;108,7;140,5;131,8;-0,63;0,04;-0,4576
287;30/11/2013;139,9;124,2;103,9;142,4;294,5;284,9;184,6;-0,54;0,27;0,1888
288;31/12/2013;179,1;115,9;66,4;131,2;92,8;185,2;76,6;-0,2;0,15;0,0613
289;31/01/2014;203,9;202;193,7;229,7;132,3;163,1;76,8;0,27;-0,17;-0,6826
290;28/02/2014;118,3;120,1;140,8;195;109;231,5;147,7;-0,75;0,27;0,3222
291;31/03/2014;170,9;151,9;236,4;173,2;226,9;145,1;126,4;-0,78;0,52;0,467
292;30/04/2014;104,4;167,9;137,4;100,1;105,1;111,4;83,5;-0,37;0,63;0,6137
293;31/05/2014;329,8;255,8;222,1;146;171,5;115,3;71;1,3;0,77;-0,4452
294;30/06/2014;241,2;396;284,4;346,9;278,8;287,4;228,6;1,64;0,59;0,8412
295;31/07/2014;167,7;205;108,1;82;255,1;166,3;253,5;1,36;0,29;0,247
296;31/08/2014;56,2;81;126,1;132,7;92,2;98,1;129,1;1,27;0,46;-0,0589
297;30/09/2014;284,8;360,1;261,2;216,7;237,5;177,2;154,2;0,96;0,65;-1,1189
298;31/10/2014;253,5;277,8;176,8;238,4;256,8;209,1;185,3;0,75;0,64;-0,039
299;30/11/2014;64,6;88,9;143,6;142,8;59,7;122,5;101,9;0,74;0,88;-0,5193
300;31/12/2014;368,8;179,5;208;212,2;324,3;210;172,2;0,08;0,91;1,3222
301;31/01/2015;316,5;305;333,5;200,3;175,1;168,6;160,4;-0,39;0,86;0,6747
302;28/02/2015;80;152;111,8;124,5;84,3;80;95;-0,55;1,02;1,2165
303;31/03/2015;140,5;115;43,5;105;132,4;94,1;52,9;0,06;1,13;0,7733
304;30/04/2015;210,9;227,4;147,7;127,4;129,8;159,8;72,5;1,35;1,23;1,0286
305;31/05/2015;194,4;227;166,3;132,9;136,4;148,1;136;2,43;1,09;0,4156
306;30/06/2015;265,1;284,6;172,8;154,2;128,2;215,9;170;2,54;1,09;0,7113
307;31/07/2015;139,7;272,9;322,5;310,9;214,7;272,1;309,2;2,87;1;1,678
308;31/08/2015;64,4;94,6;55;52,4;85,2;117,5;108,9;2,24;0,98;1,0618
309;30/09/2015;111;169,8;200,4;328,4;168,6;279,4;184;2,57;1,04;0,5424
310;31/10/2015;203,1;213,5;264;377,3;428,4;370,9;307,3;2,52;1,12;-0,1699
311;30/11/2015;355;208,5;208,7;142,4;164,3;127,1;123,7;2,24;1,67;0,6954
312;31/12/2015;778,1;490,9;347;253,9;336;223,9;95,5;2,19;1,63;-0,0589
313;31/01/2016;103,1;212,9;190,3;166,5;101,9;147,4;109,4;1,41;1,35;1,3918
314;29/02/2016;191;91;225,7;217,9;96,5;189,7;138,6;0,67;1,45;1,0933
315;31/03/2016;197,9;267,6;205;166;200,7;298,7;302,4;0,93;1,34;2,0383
316;30/04/2016;291,2;NA;188,5;174,9;137,7;245,8;215,9;0,23;0,89;0,0969
317;31/05/2016;101,4;NA;72,7;85;68,4;66,1;72,5;0,27;0,6;0,0124
318;30/06/2016;6,4;NA;19,5;22,3;5,3;6,3;6,8;0,29;0,52;2,5655
319;31/07/2016;74,1;NA;201,1;197,3;95,3;275,5;150,7;0,17;0,26;0,4066
320;31/08/2016;107,3;55;187,7;118,3;123,2;134,5;98,8;0,39;0;-0,7385
321;30/09/2016;46,1;55,8;69,3;72,1;53;69,7;90,6;0,53;-0,21;2,3328
322;31/10/2016;314,8;NA;370,2;344,8;376,6;334,7;191,6;0,39;-0,4;-0,1772
323;30/11/2016;151,3;NA;78,5;84,2;160,8;115,7;103,9;0,09;-0,37;-1,5077
324;31/12/2016;147,8;NA;150,9;199,7;134,4;112;128,2;0,53;-0,14;-0,7112
325;31/01/2017;217,3;NA;213,2;168,1;207,2;196,5;197,1;1,23;-0,12;-0,9822
326;28/02/2017;148,8;122,6;167,2;83,4;220,1;80,4;50,5;1,62;-0,07;-0,0149
327;31/03/2017;222,8;NA;195,4;103,8;222,8;262,5;165,6;1,89;-0,06;0,1561
328;30/04/2017;443,4;NA;296,4;151,7;106,3;139,3;114,9;0,93;0,15;0,6192
329;31/05/2017;576,8;NA;371,5;210,6;272,5;282,4;184,5;0,78;0,29;1,0528
330;30/06/2017;143,8;NA;214;165,8;124,2;181,1;196,9;0,1;0,55;0,5464
331;31/07/2017;8;NA;21,3;10,6;14,7;28,7;18,7;-0,07;0,4;0,7284
332;31/08/2017;262,1;NA;167,1;51,2;246,5;153,4;105,9;-0,45;0,19;0,7641
333;30/09/2017;110,7;NA;85,5;130,3;131,5;116,8;164,7;-0,67;0;1,2961
334;31/10/2017;267,3;NA;276,2;238,8;243,2;210,2;290,4;-1,34;-0,11;-0,5677
335;30/11/2017;178,3;NA;182;188,6;70;207;137,9;-1,15;-0,18;0,7706
336;31/12/2017;126,1;NA;81,6;118,2;83,9;113,9;153,5;-1,38;-0,25;0,9839
337;31/01/2018;318,3;NA;204,8;209,1;122,2;169,9;150;-0,81;-0,27;1,2752
338;28/02/2018;65,2;NA;66,2;108,9;108,9;121,3;119,1;-0,57;-0,24;1,0411
339;31/03/2018;157,5;NA;156,8;150,6;167,6;117,7;99,4;-0,8;-0,05;0,1405
340;30/04/2018;47,7;NA;77,8;19,3;167,6;127,4;103,3;-1,02;0,12;-1,1662
341;31/05/2018;81,5;NA;88,6;122,4;59,9;124,8;88,2;-0,54;0,22;-0,0766
342;30/06/2018;124,1;NA;200,5;213,9;150,6;166,7;149,8;-0,69;0,32;-0,0119
343;31/07/2018;65;NA;107,5;265,3;147;187,8;186,5;-0,19;0,3;0,3768
344;31/08/2018;93,9;NA;120,9;129,6;128,1;173,1;123;0,02;0,51;-0,3428
345;30/09/2018;212,2;NA;305,5;280,5;240;233;168;-0,03;0,48;1,4584
346;31/10/2018;198,9;NA;319,3;248;101,5;237,5;91;0,43;0,95;0,5304
347;30/11/2018;324,6;NA;211,6;144,4;245,1;204,2;125,3;0,68;0,95;0,9907
348;31/12/2018;199,4;NA;123,3;151,5;176,2;200;61,6;0,78;1,03;0,9299
349;31/01/2019;220,3;NA;153,2;199,1;266,1;140,3;101,1;0,58;0,7;0,6767
350;28/02/2019;185,6;177,7;204,5;166,6;83,4;133;111,1;0,31;0,96;-0,4996
351;31/03/2019;149,5;NA;124,3;71,4;136,3;114,9;78,2;0,07;0,77;0,7446
352;30/04/2019;183,6;NA;107,2;144,7;210,4;187,2;241,1;-0,01;0,56;0,3358
353;31/05/2019;335;NA;245;269,7;260,2;214,5;245,1;-0,08;0,63;0,3346
354;30/06/2019;20,9;NA;28,8;22,1;34,3;33;44,4;-0,38;0,6;1,465
355;31/07/2019;265,9;NA;113,4;54,2;174;88,1;158,3;-0,33;0,77;-0,3897
356;31/08/2019;100,1;NA;64,3;39,1;91,3;104,1;77,4;-0,46;0,68;-1,0804
357;30/09/2019;60,6;NA;55,8;87,5;89,8;102,5;91,9;-0,83;0,55;0,563
358;31/10/2019;297,2;253,8;337;264,5;460,3;299;280,1;-0,71;0,88;-0,9252
359;30/11/2019;204,5;170,7;115,5;169,2;161,4;199,1;90,9;-0,22;0,7;-1,8398
360;31/12/2019;128,1;NA;47,6;85;73;61,5;19,1;0,4;0,91;-1,3599
361;31/01/2020;244,7;162,5;226,7;192,3;285,2;154,7;72,8;0,02;0,93;-0,2312
362;29/02/2020;94,6;NA;84,8;81,8;57,2;NA;84,7;0,35;0,98;0,2746
363;31/03/2020;NA;NA;19,2;14,4;39,8;10,7;22,9;0,44;0,73;1,4264
364;30/04/2020;56,1;NA;40,6;53,2;35,7;29,9;27,9;0,28;0,53;-0,4752
365;31/05/2020;NA;NA;141,2;89,1;222,8;146,1;127,7;-0,28;0,04;0,5766
366;30/06/2020;NA;NA;213,3;123,5;167,7;188,3;201,6;-0,87;0,15;1,0708
367;31/07/2020;NA;280;273,7;411,7;138,7;399,3;298,7;-1,01;0,05;-0,5464
368;31/08/2020;NA;NA;96,8;75;62,9;115,3;78;-0,69;-0,34;-0,7205
369;30/09/2020;NA;NA;127,1;121,3;166,3;142,9;224,5;-0,76;-0,43;0,1943
370;31/10/2020;NA;NA;47,4;56,5;64,4;68,5;102,1;-0,76;-0,71;1,2636
371;30/11/2020;NA;NA;127,1;134,3;63,4;52;51;-0,67;-0,7;0,8132
372;31/12/2020;161,1;118,3;130,6;110,2;73,6;135,9;125;-0,86;-0,85;1,4813
373;31/01/2021;258,4;NA;210,2;302,9;202,3;276,9;125,6;-0,74;-1;1,0446
374;28/02/2021;72,5;NA;74,4;97,3;89,7;NA;30,4;-0,58;-0,87;1,3435
375;31/03/2021;199;NA;172,8;167;113,6;128,4;77;-0,42;-0,41;0,0858
376;30/04/2021;61,7;NA;10,8;14,6;14,9;13,6;26,4;-1,13;-0,18;0,8274
377;31/05/2021;150;NA;136,6;184,9;187,8;217,2;167,1;-0,83;-0,06;0,3138
378;30/06/2021;232,1;NA;188,2;181,9;186,9;179,1;171,2;-0,05;0,04;1,1792
379;31/07/2021;13,3;NA;34,7;51,4;35,2;28,8;44,8;0,25;-0,13;-0,4595
380;31/08/2021;107,3;NA;74,7;74,3;124,3;148,5;139,8;-0,01;-0,07;-0,2268
381;30/09/2021;159,6;150,2;202;194,2;205,2;173,9;201,3;0,18;-0,42;1,3364
382;31/10/2021;234,9;NA;172,5;NA;166,8;130;64,8;-0,29;-0,57;0,4532
383;30/11/2021;54,8;34,7;44,4;107,4;52,1;51;87,2;-0,81;-0,68;1,3211
384;31/12/2021;55,3;45,9;34,3;NA;41,7;30,8;87,5;-1,53;-0,76;2,1548
385;31/01/2022;70,1;NA;71,1;NA;155,4;115,2;194,1;-0,7;-0,22;0,8252
386;28/02/2022;47,5;NA;199,6;NA;88,3;NA;22,8;-1,43;-0,23;0,6432
387;31/03/2022;255,8;NA;217,6;NA;221,4;242,5;189,5;-0,66;-0,65;0,5584
388;30/04/2022;401,6;302,1;244,2;141,4;253,3;135,2;108,4;-1,42;-0,72;0,5319
389;31/05/2022;203,1;290;417,2;420,6;128,7;287,7;155,4;-1,42;-0,86;0,0965
390;30/06/2022;243,6;235,5;314,8;NA;158,9;229,8;101,6;-1,41;-0,57;-0,8713
391;31/07/2022;99,3;NA;70,3;130,8;187,7;157,2;154,6;-1,16;-0,88;0,4467
392;31/08/2022;95,3;107,6;118;124,8;74,9;131,6;103,3;-0,57;-0,93;0,7313
393;30/09/2022;52,6;53,9;48,2;81,4;70,1;93;66,2;-1,12;-1,01;1,4685
394;31/10/2022;151,4;130,1;159,9;120,2;88;92,4;65,5;-1,81;-1,08;0,3303
395;30/11/2022;157;64;98,4;65,6;52,7;93,8;88,7;-1,36;-0,9;1,7134
396;31/12/2022;39,1;61;53,8;175,4;56,9;79;63,5;-0,3;-0,73;1,7004
397;31/01/2023;NA;50,3;152,6;111;74,3;82,8;52,4;-0,24;-0,6;2,3037
398;28/02/2023;40,1;65,6;85,8;153,3;119,7;163,9;113,7;0,71;-0,52;0,5536
399;31/03/2023;74,1;203,1;124,5;195,5;79,7;119,2;95,3;1,52;-0,14;-0,2582
400;30/04/2023;59,7;30,6;71,4;68;81,2;45,1;34,9;2,45;0,3;-0,9207
401;31/05/2023;299,8;281,9;167,4;148,6;224,3;114,7;114,8;2,02;0,33;1,4518
402;30/06/2023;120,3;146,3;209,7;119,8;111;223,3;254,8;2,63;0,64;-0,4379
403;31/07/2023;95,7;168,3;242,3;NA;185,3;224,9;215;3,21;0,71;-0,8183
404;31/08/2023;98,8;NA;108,4;75,7;62,6;81,8;79,6;3,3;0,95;-0,0382
405;30/09/2023;NA;471,8;498;416,6;482,1;437,2;447,3;2,82;1,1;-1,0504
406;31/10/2023;390,5;385,3;517,1;396,2;220,9;279,1;121,7;2,46;1,24;0,5352
407;30/11/2023;231,6;482,1;533,1;414,2;229;478,7;325,1;2,22;1,44;0,0965
408;31/12/2023;219,7;221,3;207,6;123,4;226,7;141,5;92;1,41;1,39;1,51
409;31/01/2024;NA;229,8;225,9;240;62,5;184,5;226,6;0,83;1,45;0,922
410;29/02/2024;219,8;NA;318,2;95,2;181,2;140,9;82,3;0,92;1,22;1,0428
411;31/03/2024;151,4;203,5;194;67,6;156,2;86,4;81,6;0,28;0,93;-0,0579
412;30/04/2024;246,5;240,4;247,3;126,4;408,3;319,8;221,9;0,08;0,81;1,0055
413;31/05/2024;NA;NA;NA;NA;NA;NA;NA;NA;NA;NA
