"cod_rgint";"homem_60_69_2000";"mulher_60_69_2000";"homem_70_79_2000";"mulher_70_79_2000";"homem_80_mais_2000";"mulher_80_mais_2000";"homem_60_69_2010";"mulher_60_69_2010";"homem_70_79_2010";"mulher_70_79_2010";"homem_80_mais_2010";"mulher_80_mais_2010";"homem_60_69_2022";"mulher_60_69_2022";"homem_70_79_2022";"mulher_70_79_2022";"homem_80_mais_2022";"mulher_80_mais_2022"
1101;10732;8814;4847;3829;1442;1401;17049;15011;7777;7072;2792;2720;29545;29421;13210;13223;4911;5403
1102;14466;11716;6709;4824;1821;1461;18309;17017;9742;8709;3469;3018;29572;29469;14299;14542;6203;6248
1201;6512;5942;3829;3256;1453;1439;10153;10176;5175;5082;2425;2435;17150;18169;8402;8878;3375;4027
1202;2413;2075;1283;1084;606;512;3317;3195;1726;1610;831;801;5198;5021;2716;2752;1307;1421
1301;25323;27950;12606;14564;4365;6316;40883;44449;19101;22843;7534;11288;75111;83989;31737;39111;11070;17641
1302;5611;4837;2762;2103;1058;949;7213;6390;3700;3278;1716;1480;10549;9349;5272;4830;2509;2701
1303;3327;2778;1618;1272;574;585;5032;3944;2456;2046;887;915;7950;6508;3836;3208;1580;1620
1304;5448;4909;3022;2582;1198;1303;7099;6259;4153;3678;1877;2004;11878;10405;5570;5242;2508;2808
1401;3439;3035;1666;1584;573;629;6397;5836;2810;2781;1127;1343;12983;13234;5680;5690;2001;2389
1402;922;542;327;244;94;73;1758;1088;724;420;220;164;2960;2290;1466;943;476;348
1501;40556;48516;19673;25915;7727;13786;61884;73474;29508;39446;11655;20302;102060;119684;49114;64264;18519;32935
1502;20601;19077;10710;9918;4399;5041;29100;27312;15307;14782;6178;7066;44349;44198;23354;23160;9571;11380
1503;13467;9949;5657;3998;1643;1715;20439;16315;10060;7893;3391;2898;34676;31714;16386;14377;6449;6231
1504;6406;4388;2441;1675;753;630;10220;7450;4718;3366;1395;1092;14743;12796;7310;5966;2859;2342
1505;13825;12381;6869;6404;2360;3045;18924;16659;9808;9273;3662;4204;30420;28640;15261;14596;6082;7060
1506;4287;3225;1855;1372;575;505;5982;4860;2938;2304;1065;940;10579;8788;4963;4039;1944;1879
1507;5928;5583;3288;2861;1662;1896;8549;7655;4439;4225;2044;2352;12981;11751;6807;5964;2835;3306
1601;4908;5112;2165;2371;982;1422;8314;8801;4038;4602;1558;2275;15524;16860;6811;7805;2829;3919
1602;874;643;374;274;170;148;1762;1144;734;534;255;259;2864;2231;1306;938;441;388
1701;7273;6265;3686;3163;1484;1476;11514;10189;6013;5494;2591;2515;19764;19721;10282;9799;4655;4810
1702;11412;10290;5850;5014;2185;2307;15269;13947;8894;8194;3663;3492;21702;21988;12719;12174;5963;6164
1703;5438;4834;2882;2520;1169;1164;7395;6898;4204;3672;1792;1818;10855;10356;6207;5879;2910;2973
2101;45949;49056;23266;25707;10314;14049;63360;68128;35416;40337;15014;20346;96906;110758;50480;58759;23284;33162
2102;23652;23472;12851;12136;5330;5826;29698;30450;17346;17215;7532;8351;37506;40349;22157;23439;10487;12040
2103;14180;15362;7487;7949;3346;4363;18057;20044;10599;11895;4598;6014;23978;27673;13589;15842;6334;8644
2104;9332;9929;5015;5212;2346;2701;12304;12713;7063;7642;3189;3640;15904;17144;9552;10516;4582;5680
2105;20111;19147;10007;9313;3985;4521;27746;26944;15237;14837;6243;6722;37942;39479;21928;22526;10166;11155
2201;27840;32101;15540;17935;6055;8049;38104;44143;21350;26782;9834;13867;57451;70798;32540;41326;14749;21999
2202;12388;13428;7100;7470;2944;3504;16053;17325;9616;10855;4382;5345;22001;24498;13573;15288;6330;8356
2203;9891;10797;5967;6252;2454;2767;13929;15168;7814;8835;3779;4366;18796;20209;11872;13531;5618;6732
2204;2925;3238;1733;1941;823;971;4255;4382;2370;2717;1125;1424;6028;6041;3808;3959;1701;2229
2205;3352;3707;2002;1981;822;957;4557;4698;2573;2891;1333;1443;7069;6827;4041;4339;1932;2286
2206;5088;5805;2907;3383;1300;1537;6571;7183;3852;4587;1896;2473;9206;10213;5543;6557;2770;3683
2301;73083;91947;43316;55824;16537;23942;105715;130361;57350;78130;27592;43885;160412;201922;84548;115343;38115;65430
2302;17746;19504;13269;14008;5839;6359;25125;27353;14235;16070;8832;10244;33866;36949;20984;24002;10564;13485
2303;10981;12460;7563;7727;3192;3198;14480;15729;8842;10251;4812;5370;17627;19521;11318;13247;6174;7852
2304;21002;25854;12689;15835;5807;7432;26935;32142;16555;21315;8129;11403;34601;41812;22144;28035;12000;16988
2305;9005;9954;6219;6385;2798;3006;11275;12269;7229;8249;4322;4767;14875;16525;9903;11026;5624;6900
2306;25567;29510;16986;18086;7766;8593;34005;37613;20265;24410;11020;13196;45662;49125;28776;32524;13971;18683
2401;32368;40957;21375;25745;10299;12939;48686;60452;25690;34875;13881;20633;74459;89633;39864;53567;18244;30848
2402;6176;7575;4875;5548;2479;2903;8478;9979;5000;6380;3213;4269;11741;13458;7120;8651;3691;5478
2403;17750;20538;12781;13734;6016;6536;24294;27873;13917;16814;8199;10257;34502;40156;19165;23572;9948;13794
2501;33509;44103;21246;27249;10021;13539;45704;58211;25335;36044;12699;20236;67777;83893;36876;50596;16208;28666
2502;23636;30573;17231;20685;8743;10870;30867;37853;18330;24747;10944;15795;41844;49336;24870;32612;12700;20304
2503;13404;16254;9323;10436;4759;5280;17606;21170;10425;13154;5985;7411;23157;26908;14058;17783;7278;10164
2504;6923;8292;4705;5070;2340;2375;8893;10805;5555;6830;3108;3679;11312;13177;7256;9213;4036;5304
2601;97296;129560;54164;73214;20567;33001;132822;176215;67737;101044;29429;52003;198550;262057;99190;147081;38853;75289
2602;45304;55773;30037;33943;13238;16118;56724;67880;33315;42499;16981;22004;74458;88841;44294;55679;20743;30255
2603;10467;12820;7271;8099;3497;3896;13910;16477;7998;10143;4470;5528;17812;20605;11083;13853;5710;7749
2604;13914;16242;8086;9269;4094;5016;20701;23570;10657;13334;5417;7085;29003;33614;17066;20611;8238;11525
2701;30593;37602;16288;19947;7293;9798;43479;52102;20940;28047;8889;13865;67552;83571;32507;42952;11905;20512
2702;20344;24238;11508;13137;6075;7059;28825;32168;14862;18085;6809;8692;36362;42687;22364;26396;9496;12917
2801;19943;25669;10704;14723;5221;7426;30823;37521;14695;20886;6547;11312;51051;63129;25113;34070;9858;18078
2802;11251;13317;7028;7834;3858;4197;16562;18023;8697;10575;4570;5746;23244;25665;13679;15870;6211;8641
2901;58320;80019;28917;44972;11539;22766;90587;117396;41505;65418;17195;35880;149930;194957;71293;102808;26935;55520
2902;18818;23005;11453;13633;5556;7900;22972;26736;13427;17686;6929;10463;36887;41429;19039;23198;8733;14473
2903;35158;34390;18985;17679;7990;8978;42302;43481;24296;25709;11139;13025;65139;68909;34487;37278;15362;20451
2904;43294;46798;25271;26060;12071;14865;50789;55970;30909;34798;15862;20123;73991;78844;42840;48966;22392;30054
2905;15298;16509;8782;9497;4291;5703;20250;20798;12000;13535;5876;7631;27562;28588;17721;18828;9217;11920
2906;10338;10827;5612;5712;2530;2993;14469;14184;7957;8727;3785;4271;22672;22133;12721;13219;6034;7099
2907;12164;13251;7029;7446;3397;3961;17084;17262;9488;10673;4404;5428;23201;23679;14198;15071;6654;8495
2908;14410;16000;8397;9866;4411;5300;20792;21701;10706;12832;5409;7361;28635;29988;17330;19306;7962;10947
2909;17361;18945;10871;11422;5922;6530;24320;25594;13140;14909;7324;8595;28880;31120;19647;21531;9874;12567
2910;42885;51814;27065;31663;13408;17854;60381;69912;32500;41610;17112;24589;82192;95017;49564;61576;23875;36341
3101;103189;130605;47794;72163;16467;32582;153379;189894;76587;109440;28376;56714;257385;317760;128313;175748;54422;98232
3102;31557;34499;15606;17842;6390;8687;44076;46386;23495;27693;9554;13597;65738;70303;37138;42491;16664;22879
3103;30022;33611;15642;17874;6731;9744;35748;39728;22138;26382;9296;13897;49563;53139;28929;34117;15166;22278
3104;19887;23142;10739;12191;4288;5679;23347;27230;14459;18096;6109;8671;34111;38247;19231;23685;9606;14273
3105;21547;23881;11258;12596;3712;5193;27857;31696;16498;19704;6711;9311;47875;53006;24191;28884;11454;16251
3106;57624;65005;32665;40191;11596;17765;73270;83144;42334;52743;18404;28882;114043;128111;61230;74196;27287;42292
3107;17136;20276;8763;11824;3077;4720;23477;26862;12140;16197;4554;7982;38813;43212;19513;23737;7664;12755
3108;38563;40664;20911;24397;7220;10272;52621;54236;28484;32889;11533;16734;83755;88302;44210;48891;17733;24950
3109;30789;32593;17204;19039;5970;7644;42705;44306;23390;26448;9507;12796;67437;72424;37020;40639;14748;20438
3110;16130;17697;8101;9532;3029;4085;22107;24113;11874;14289;4633;6593;35608;39375;18044;21573;7179;10820
3111;22927;24716;11350;13159;4096;5426;32457;35492;17311;20731;6935;9711;50649;59042;26884;32464;11424;16894
3112;16212;16697;7729;8454;2682;3520;22920;22991;12077;13409;4526;6082;37357;37965;18819;20442;7751;10528
3113;27104;29555;13522;16623;4659;6950;36827;40306;20341;24198;7556;11378;62171;67819;32066;37308;13717;19558
3201;33411;39970;16667;21715;5363;9131;49907;59033;24936;33864;9778;16921;93852;111428;43823;57347;17098;30277
3202;9454;9967;5191;5117;1906;2379;13356;14140;7140;8241;3162;4018;24104;26251;11736;13037;4942;6925
3203;10359;11178;5640;5888;2111;2670;12540;13794;7668;8790;3327;4281;21377;22850;10617;12429;5085;7144
3204;13908;14912;7826;8671;2903;3859;17759;18978;10392;11923;4562;6235;30145;32196;15307;17009;6777;9642
3301;294224;387675;154245;239473;47748;100322;377958;495608;198169;305543;76554;163168;549003;711417;277125;411569;108011;223356
3302;22055;26493;11939;15380;3700;5994;31319;36899;15928;21516;6262;10966;50573;61139;25173;33334;9651;16866
3303;24112;28443;13280;17418;4390;7709;32829;39399;17279;23202;6962;12463;47723;57535;26098;34578;10638;18338
3304;23006;26261;12966;15166;4968;7213;29531;34384;16595;20621;7053;10679;44675;52169;23482;29800;10059;15550
3305;13599;13918;6443;7262;2185;3167;24785;27374;12404;14424;4055;6679;48343;55678;23564;28565;8267;13350
3501;402039;509903;203794;301582;61409;119921;572203;728801;279089;415066;107628;216246;912975;1183557;458484;666812;177704;342723
3502;59787;63223;31017;35760;10055;13734;84435;89600;43896;51646;16497;24469;138054;153243;71245;83533;26732;39530
3503;32588;37498;18161;22930;6344;9687;41561;47792;23549;30887;9586;15825;64862;75353;33719;43324;14178;23076
3504;27370;31047;15301;18288;5359;7469;34815;40087;19824;24960;8073;12485;49879;58324;27670;35461;11591;18417
3505;24929;26512;13970;14736;4913;5747;30074;34285;18331;21179;7599;9842;43946;50805;24272;30061;10886;15935
3506;20281;22149;10823;12465;3774;5217;26131;29849;14857;17876;5897;8373;38326;44579;21315;26514;9048;13465
3507;42590;46252;23038;26573;7573;10923;54260;60958;31890;38372;12446;18262;80362;92816;45172;55817;19631;29602
3508;53180;60836;27606;35301;8958;14966;72510;83963;38442;50438;14940;25390;113055;132528;59052;76953;23611;40022
3509;25516;28352;13996;17514;4413;7415;33171;37778;18711;23711;7426;12638;51928;59941;27175;34841;11368;18586
3510;131511;147654;69951;88574;21932;35040;188150;212392;97936;125554;38300;64354;310376;365700;161024;203471;63361;103716
3511;42947;47723;21418;27391;6961;11071;67810;75470;31662;39657;11827;19705;112915;132539;58714;72520;20560;33614
4101;64840;76468;30736;41871;9166;15750;96421;114335;45526;61046;15717;28778;162117;198399;80039;105911;28402;49288
4102;9000;9143;4169;4373;1245;1584;12194;12400;5864;6367;2001;2584;18330;19667;9256;10170;3220;4140
4103;42452;42640;19488;21311;6043;7723;58792;62599;30215;34036;10094;13878;92885;104790;48258;57085;18010;25930
4104;46763;46620;24881;24498;7913;9489;58041;64824;33989;36807;13202;16392;87710;103209;47916;58623;21244;29104
4105;48626;52001;25623;27777;8616;10986;63749;70957;35146;41078;13603;18317;92128;107012;51159;63079;21430;31138
4106;18905;20813;9571;11238;3068;4041;25370;27625;12695;15280;4389;6644;39448;43605;19801;23370;6914;10333
4201;16056;18838;7822;10974;2433;4666;27110;31867;12486;16859;4453;8759;51936;64165;25901;34127;8938;16251
4202;17320;19664;8874;11217;2739;4212;26440;29613;12283;15849;4331;7062;47541;53060;22980;28317;7500;12211
4203;8557;9127;4344;4715;1475;1866;11173;12204;5731;6599;2192;2917;16350;18000;8487;10057;3283;4432
4204;23435;25267;11232;13864;3428;5135;34133;36138;16655;20613;5626;9399;56172;58867;28932;33504;10293;16340
4205;4365;4596;1962;2287;611;860;6099;6595;3032;3520;1037;1456;9589;10300;4794;5606;1658;2494
4206;20375;23166;9808;13043;2891;4800;31049;34357;14389;19078;4772;8689;58106;65121;26923;33563;8730;14805
4207;28028;32186;14220;18536;4373;7066;44287;49762;20545;27710;7308;12736;83332;96065;39820;50023;13080;22740
4301;102134;131394;49501;77771;14831;32016;146095;181274;69123;104741;24469;53506;226737;277546;115540;160676;40715;80910
4302;29392;35501;15158;22239;4816;9995;37610;43604;19421;27698;7183;14814;51172;59209;28100;36590;10279;19339
4303;23302;27324;12271;16861;4200;7603;29547;33525;16002;21398;6010;11279;40860;46244;22995;28689;9361;16056
4304;13313;14911;6422;8541;2406;4292;16513;18380;8706;11210;3202;5818;22916;25187;12089;14859;4801;8014
4305;24002;26624;12379;16292;4285;7001;31802;34476;16590;20862;6156;10555;44091;47933;24958;30008;9451;14940
4306;35241;40223;18168;23940;6148;10007;47280;52396;24551;32186;9231;15931;68720;76417;38506;46926;14613;24175
4307;25018;28911;12609;17458;3775;7056;36370;41242;18213;24545;6448;12347;60980;68908;31189;40073;11524;20060
4308;20775;24068;10672;15129;3243;6266;27697;30752;14215;19672;5036;9916;42030;45532;22728;28190;7934;14646
5001;24197;24707;11617;12162;4296;5200;36072;38524;18780;21244;7226;9332;59811;69015;29567;35251;12106;17017
5002;15481;14015;7892;7177;2728;2923;20387;21198;11738;11263;4586;5179;32645;36102;16472;18269;7303;8908
5003;7239;6758;3748;3560;1570;1823;9524;9366;5108;5019;2144;2580;13384;14006;7103;7571;2937;3624
5101;19138;18601;8731;8536;3173;3889;30264;30481;14080;14838;5026;6315;52075;56799;24303;27514;8945;12243
5102;5921;4933;2871;2139;934;850;7743;7380;4283;3794;1573;1456;12116;11884;6066;5980;2584;2728
5103;10935;7649;3991;2735;909;790;17365;14350;8361;6501;2375;1950;32661;29801;13928;13316;5158;5228
5104;5285;3935;2260;1678;851;702;8330;6441;3955;3221;1516;1249;13505;11900;6682;5707;2603;2499
5105;7350;6556;3522;2959;1315;1180;11139;10399;5701;5277;2157;2106;18692;18974;9147;9476;3739;4226
5201;53066;59398;25043;28896;8490;11195;80036;91723;40032;49403;14928;20697;137247;164686;68106;86014;26809;39824
5202;9036;8749;4378;4166;1532;1659;12504;12425;6885;7139;2539;2848;18568;20503;10412;11402;4520;5474
5203;11170;10169;5521;5054;2087;2091;16192;15455;8751;8236;3460;3528;23921;25700;13031;13739;5626;6329
5204;7967;7264;3802;3292;1414;1291;10779;10259;6044;5537;2303;2169;15343;15827;8955;8848;3935;4082
5205;12112;10998;6157;5238;2088;2032;16257;15388;8942;8335;3407;3333;24209;24527;12964;12993;5611;6183
5206;13818;13266;6079;5776;2059;2463;21741;21508;10564;10563;3570;4145;41230;43935;18392;20066;6848;8558
5301;32183;36908;12782;17043;3751;6971;52049;65993;24644;32305;8289;14333;89195;117268;44473;64111;19059;30984
