Num;Regiao;Total;Pop_10_a_14_anos;Pop_15_a_19_anos;Pop_20_a_24_anos;Pop_25_a_29_anos;Pop_30_a_34_anos;Pop_35_a_39_anos;Pop_40_a_44_anos;Pop_45_a_49_anos;Pop_50_a_54_anos;Pop_55_a_59_anos;Pop_60_a_64_anos;Pop_65_a_69_anos;Pop_70_a_74_anos;Pop_75_a_79_anos;Pop_80_a_84_anos;Pop_85_a_89_anos;Pop_90_a_94_anos;Pop_95_a_99_anos;Pop_100_anos_ou_mais;cod_rgi
1;Porto Velho;281011;21620;21616;23093;23646;22867;23958;22454;18734;16351;14143;11096;7956;5138;3025;1946;946;400;127;34;110001
2;Ariquemes;91133;6725;7256;7478;7296;7214;7611;7266;6312;5443;4608;3666;2698;1861;1180;686;308;106;25;6;110002
3;Jaru;51899;3788;3970;3854;4049;3996;4185;4292;3689;3125;2756;2212;1793;1239;780;464;247;82;22;4;110003
4;Ji-Paraná;145510;9933;10941;10746;11305;11515;11736;11578;10090;9154;8209;6730;5097;3552;2258;1441;734;290;82;22;110004
5;Cacoal;147197;9949;10739;11456;11522;11736;11791;11686;10403;9496;8204;6784;5176;3548;2329;1415;788;272;57;17;110005
6;Vilhena;76459;5410;5594;5733;6117;6381;6410;6074;5286;4775;4118;3292;2390;1742;1113;652;329;113;24;12;110006
7;Rio Branco;232616;18082;19326;20447;19727;18680;19134;18594;14937;12603;10549;8478;6461;4406;2804;1740;908;437;136;34;120001
8;Brasiléia;35015;3027;3083;3198;3050;2771;2574;2456;2028;1663;1430;1107;832;608;360;241;109;67;15;6;120002
9;Sena Madureira;28875;2980;2962;2695;2375;2197;2078;1902;1471;1120;871;702;589;398;302;174;92;41;25;2;120003
10;Cruzeiro do Sul;75844;7736;7941;7789;6346;5580;5654;5150;3808;2951;2337;1973;1426;1074;773;505;264;112;39;21;120004
11;Tarauacá;42336;4820;4942;3966;3394;2899;2727;2468;1866;1517;1141;954;668;527;378;266;115;74;18;7;120005
12;Manaus;1202660;93821;98450;106109;103594;94982;99612;96613;79235;64669;53134;43403;32591;21672;13379;8114;4599;1967;682;233;130001
13;Săo Gabriel da Cachoeira;41223;4615;4309;3799;3196;2735;2492;2051;1751;1436;1204;1003;788;640;446;274;120;60;35;16;130002
14;Coari;64193;6773;7173;6104;5158;4577;4400;4040;3100;2292;1959;1505;1229;809;539;383;209;89;44;21;130003
15;Manacapuru;68831;6681;7194;6388;5652;5237;4967;4437;3521;2870;2483;1942;1528;974;652;423;207;92;51;22;130004
16;Tefé;105851;11595;12130;10674;9040;7387;6923;5988;4496;3538;2826;2188;1670;1108;846;534;303;139;47;30;130005
17;Tabatinga;103826;12027;11221;9879;8263;7396;6478;5288;4093;3374;2704;2106;1551;1145;832;618;299;139;50;28;130006
18;Eirunepé;48639;5287;5435;4921;3990;3438;3185;2846;2116;1572;1374;1023;811;525;374;272;143;73;17;9;130007
19;Lábrea;65062;6554;6861;6441;5558;4861;4597;4105;3143;2525;2243;1695;1301;870;638;396;211;92;38;13;130008
20;Manicoré;75490;6952;7337;7431;6620;6287;5401;4823;3652;3023;2406;2002;1510;992;708;429;255;113;40;33;130009
21;Parintins;112699;11688;11959;10634;8965;7901;7497;6690;5289;4313;3752;3146;2587;1776;1215;815;506;282;104;40;130010
22;Itacoatiara;87329;8626;8742;8151;7259;6549;6429;5796;4751;3796;3073;2663;2009;1353;898;558;298;111;50;44;130011
23;Boa Vista;243745;20417;20929;23073;22475;20097;19584;17995;14125;11283;9277;7118;5160;3314;1974;1153;626;266;100;31;140001
24;Pacaraima;29519;3773;3159;2492;2201;1788;1631;1383;1067;925;646;573;383;244;158;130;46;31;4;2;140002
25;Rorainópolis;28315;2620;2541;2493;2412;2268;2275;1939;1533;1190;1052;849;620;403;227;127;57;22;7;3;140003
26;Caracaraí;14736;1478;1373;1293;1044;976;1034;999;795;672;643;459;362;193;120;82;28;15;3;4;140004
27;Belém;1281203;85326;94086;101170;101542;100592;105898;105641;90146;81273;68552;58733;46198;33574;22650;14535;8520;3835;1235;464;150001
28;Cametá;109221;10546;11226;10924;9355;8779;7874;6857;5576;4533;3570;2864;2523;1844;1365;911;516;193;88;76;150002
29;Abaetetuba;186584;16644;17865;17286;16995;15871;15171;13015;10402;8429;6582;5269;4097;2831;2000;1314;715;328;125;80;150003
30;Castanhal;256374;20680;22361;21219;20855;20485;20973;19215;16162;13722;11617;9713;7818;5539;4056;2652;1341;580;240;92;150004
31;Bragança;144797;14093;14488;12231;11374;11156;11223;9891;7734;6651;5843;4859;3749;2676;1924;1155;689;308;92;34;150005
32;Capanema;98751;7618;8414;7834;7885;7829;8209;7689;6157;5492;4678;4014;3202;2170;1648;1051;579;243;81;38;150006
33;Paragominas;145491;12737;13779;13836;12066;12801;12457;11034;7944;6653;5321;4414;3193;2100;1291;751;378;162;48;15;150007
34;Capităo Poço;58614;5238;5656;5128;4997;4948;4606;4099;3472;2853;2303;1852;1384;1043;713;482;231;101;26;11;150008
35;Marabá;261729;22439;23877;22752;21368;21463;22750;19641;15215;12734;11652;9229;6376;4373;2773;1783;922;383;112;39;150009
36;Parauapebas;195109;16935;17379;17868;18618;19178;19388;15423;10369;7869;6096;4288;2975;1924;1160;731;356;111;34;15;150010
37;Tucuruí;156196;13952;14818;14339;12877;12547;12510;11306;8773;7336;6348;5064;3782;2595;1552;987;458;204;65;31;150011
38;Redençăo;108989;9061;9151;9277;9082;8437;8717;8076;6847;5778;5042;3960;2941;2022;1212;748;397;137;38;12;150012
39;Tucumă - Săo Félix do Xingu;66306;5874;5852;5918;5686;5798;5913;4909;3827;3148;2528;1907;1327;883;528;276;143;34;9;1;150013
40;Xinguara;46629;3818;3986;4080;4019;3940;3868;3497;2815;2328;1976;1503;1158;801;520;311;153;61;18;4;150014
41;Santarém;269526;23781;25382;24082;22699;20770;20604;18678;15317;12739;10920;9179;7233;5078;3438;2332;1242;560;158;35;150015
42;Itaituba;130796;11666;12130;12271;11569;10690;10106;8808;6810;5735;4827;3933;2883;1915;1106;655;343;138;35;14;150016
43;Oriximiná;104337;10589;10722;9003;8267;7552;7694;7058;5418;4239;3640;2919;2493;1713;1346;813;447;209;55;24;150017
44;Altamira;142137;12764;12839;12530;12140;11664;11636;10480;8140;6623;5592;4217;3151;2026;1320;861;401;180;37;11;150018
45;Almeirim - Porto de Moz;36112;3678;3948;3436;3079;2858;2641;2301;1743;1386;1026;818;602;391;302;222;90;45;14;18;150019
46;Breves;195150;21948;22249;19660;16534;13805;12543;10475;8291;6461;5038;4164;3275;2229;1627;991;595;249;126;134;150020
47;Soure-Salvaterra;74267;6765;7002;6749;6308;6134;5646;5095;4040;3484;2853;2401;1911;1206;902;589;355;177;51;39;150021
48;Macapá;293674;24296;25728;27794;26213;24078;23832;21781;17901;14728;11283;9078;6703;4288;2986;1849;1116;496;141;100;160001
49;Laranjal do Jari;22791;2186;2233;2166;1927;1703;1719;1559;1255;1092;929;642;437;300;231;114;67;19;11;6;160002
50;Oiapoque;32368;3365;3312;2863;2605;2504;2345;2034;1657;1349;1101;803;547;350;231;124;68;28;7;10;160003
51;Porto Grande;20410;2089;1996;1811;1659;1551;1523;1337;1063;864;653;511;370;221;136;72;44;19;10;6;160004
52;Palmas;169770;12541;13609;15901;15839;14993;15105;14251;11544;8939;7027;5307;3831;2436;1711;1000;533;212;61;19;170001
53;Porto Nacional;57820;4634;4557;4104;4335;4558;4623;4241;3649;3237;2882;2328;1925;1386;986;716;341;160;71;18;170002
54;Paraíso do Tocantins;59246;4489;4871;4536;4313;4492;4631;4519;3976;3549;3098;2521;1886;1395;900;585;326;137;50;15;170003
55;Miracema do Tocantins;23466;1881;1992;1688;1623;1624;1762;1705;1553;1348;1251;1074;849;619;366;288;167;75;25;11;170004
56;Araguaína;150997;11683;12718;12651;12135;11714;11916;11288;9481;8317;7273;5748;4455;3262;2306;1507;797;364;120;36;170005
57;Guaraí;41916;3192;3379;3217;3053;3070;3277;3188;2857;2462;2209;1805;1401;1090;713;458;253;93;35;15;170006
58;Colinas do Tocantins;31332;2509;2652;2485;2405;2333;2347;2386;2039;1775;1568;1206;985;740;497;366;169;77;27;9;170007
59;Tocantinópolis;23270;1921;1944;1705;1669;1756;1773;1767;1381;1219;1141;949;798;627;422;283;179;78;30;6;170008
60;Araguatins;66155;5689;6266;5472;4714;4899;5147;4674;3727;3151;3062;2591;2050;1488;1029;708;354;138;47;15;170009
61;Gurupi;92451;6562;6955;7024;6783;6817;7321;7361;6526;5791;5056;4062;3313;2562;1651;1053;562;262;97;24;170010
62;Dianópolis;37768;3054;3060;2784;2684;2653;2963;2800;2450;2105;1978;1619;1362;930;736;524;244;143;42;22;170011
63;Săo Luís;867909;59140;64202;72792;72496;74394;78458;72007;57491;52037;43618;35542;26871;18630;12295;8646;4887;2211;764;355;210001
64;Pinheiro;173543;15240;15447;14502;13008;13754;13951;12372;9535;8316;7315;6290;4980;3720;2606;1909;1134;505;177;94;210002
65;Chapadinha;133788;13135;13765;11801;9906;10225;10155;8571;6841;5605;5501;4441;3818;3023;1949;1437;766;337;137;75;210003
66;Itapecuru Mirim;119159;10795;11479;10852;9292;9854;9727;8222;6134;5438;4943;4065;3194;2432;1523;1135;598;279;109;107;210004
67;Viana;122733;10709;10916;9467;8877;9111;9894;8665;7084;6131;5620;4653;3877;2952;1935;1561;922;361;139;54;210005
68;Barreirinhas;57823;5918;6359;4991;4474;4409;4559;3859;2948;2428;2048;1664;1332;1061;646;448;282;113;41;32;210006
69;Tutóia - Araioses;85590;7714;8221;6966;6627;6750;6775;5794;4594;4044;3790;2895;2485;2041;1382;945;560;279;86;35;210007
70;Cururupu;60321;4927;5203;4603;4282;4402;4876;4195;3625;3346;2927;2599;2052;1465;1099;819;494;227;74;28;210008
71;Santa Inęs;203307;18692;19538;16883;14583;14827;15999;14627;11363;9577;8703;7412;6207;4723;3159;2202;1180;473;180;73;210009
72;Bacabal;193299;16322;17848;16172;14200;14120;15145;14028;11279;9925;9313;7490;6145;4656;3145;2186;1106;470;175;110;210010
73;Governador Nunes Freire;97166;9236;9549;8421;7571;7773;7649;6498;4923;4145;3822;3081;2373;1803;1219;802;405;176;59;24;210011
74;Pedreiras;96987;7813;8377;7246;6890;7102;7648;7103;5940;5238;5034;4302;3339;2781;1953;1274;687;291;114;53;210012
75;Caxias;130906;11361;12225;10371;9291;9679;9901;9165;7522;6578;6603;5416;4482;3315;2261;1652;841;447;152;101;210013
76;Timon;133154;10766;11110;10854;9830;10423;10778;9961;8222;6834;6361;5033;4205;3223;2097;1417;849;366;145;46;210014
77;Codó;112785;10025;10363;8982;8011;8224;8484;7726;6164;5548;5817;4793;3744;2933;2013;1409;749;283;121;66;210015
78;Presidente Dutra;117087;9770;10279;9124;8535;8602;8753;8340;6891;6129;5741;4699;3887;3185;2201;1461;778;342;131;73;210016
79;Săo Joăo dos Patos;72200;5923;6018;5534;5351;5167;5459;4954;4180;3704;3752;3147;2598;2042;1508;1036;600;245;85;52;210017
80;Colinas;39593;3519;3634;3402;3049;2933;2799;2699;2204;1872;1949;1565;1248;951;629;435;255;119;44;24;210018
81;Imperatriz;271530;21194;22996;23499;21387;21667;22306;20508;16653;14202;12572;9986;8040;6107;4045;2616;1438;574;177;107;210019
82;Barra do Corda;131240;12423;12636;11237;9974;9682;9879;8732;6841;5957;5380;4203;3290;2661;1984;1317;639;276;127;36;210020
83;Açailândia;111345;10049;10586;9247;8555;8736;9117;8240;6537;5345;4928;3727;2978;2162;1397;907;420;167;55;24;210021
84;Balsas;115811;10074;10731;10196;9465;9320;8999;7983;6371;5376;4970;4062;3193;2491;1679;1204;666;272;96;37;210022
85;Teresina;589614;37926;41114;46679;44263;46716;50808;48270;40038;35519;33306;27930;21777;16812;10708;7077;4236;2054;730;179;220001
86;Amarante - Água Branca - Regeneraçăo;78387;5831;5942;5553;5086;5234;6034;5646;4837;4462;4575;4007;3212;2834;1934;1381;827;395;117;31;220002
87;Campo Maior;70169;4837;5167;4951;4684;4767;5402;5373;4795;4447;4094;3620;2991;2555;1685;1205;635;332;137;22;220003
88;Valença do Piauí;41332;2845;3111;2893;2577;2681;3099;3139;2955;2632;2564;2206;1723;1582;1052;713;456;217;73;16;220004
89;Barras;46145;3770;4030;3657;3448;3550;3665;3265;2694;2285;2189;1810;1522;1282;882;568;382;156;53;7;220005
90;Parnaíba;148163;10368;11605;11913;11573;11653;12293;11322;9631;8449;7932;6050;4959;4144;2798;1905;1079;545;134;43;220006
91;Piripiri;90804;6430;6858;7090;6622;6813;7072;6599;5949;5232;5107;4380;3450;2876;2011;1439;796;392;104;21;220007
92;Esperantina;72546;5561;6108;5499;5465;5747;6138;5111;4214;3757;3592;3066;2593;2059;1400;1011;533;269;65;20;220008
93;Picos;145301;9784;10378;10793;10482;10833;11133;11063;10198;9414;9125;7142;5305;4834;3493;2204;1147;480;144;25;220009
94;Paulistana;39056;2866;3214;3123;2816;2992;2927;2926;2629;2198;2068;1630;1246;1139;853;529;289;145;44;8;220010
95;Oeiras;34893;2400;2667;2604;2383;2402;2728;2626;2416;2138;1991;1684;1398;1207;860;568;350;155;53;12;220011
96;Simplício Mendes;20526;1483;1517;1465;1463;1413;1633;1494;1357;1218;1320;989;815;699;446;310;161;76;24;8;220012
97;Săo Raimundo Nonato;55675;4045;4362;4320;4150;4202;4333;4204;3564;3140;2969;2383;1770;1590;1183;842;463;202;63;16;220013
98;Săo Joăo do Piauí;23990;1791;1978;1898;1742;1764;1870;1786;1568;1354;1287;1082;806;659;527;355;178;75;29;6;220014
99;Corrente;57409;4856;5157;4370;4114;4017;4262;3982;3348;2842;2884;2375;1930;1589;1163;754;431;190;80;23;220015
100;Bom Jesus;36745;3140;3213;2941;2785;2806;3005;2677;2161;1724;1742;1347;1175;923;664;402;239;131;33;3;220016
101;Floriano;65218;4552;4868;4606;4566;4737;5155;4828;4181;3918;3722;3219;2692;2237;1558;1072;670;341;101;32;220017
102;Uruçuí;31128;2514;2783;2606;2528;2378;2462;2195;1677;1481;1499;1186;978;766;528;340;209;104;18;10;220018
103;Canto do Buriti;23496;1578;1772;1712;1564;1474;1782;1837;1571;1455;1387;1177;961;818;650;406;243;98;35;4;220019
104;Fortaleza;2057981;126992;134240;154598;170558;170348;174213;166322;139964;131694;121882;96009;74508;57595;37932;26969;15383;7444;2743;506;230001
105;Itapipoca;148721;11799;12201;12217;12446;11620;11831;10413;8848;7602;7326;5322;4280;3767;2511;1858;1063;601;228;43;230002
106;Redençăo-Acarape;112289;7994;8367;8825;9193;8416;8709;8031;7025;6562;6301;5069;3880;3185;2187;1656;1026;543;172;35;230003
107;Canindé;94947;6818;7416;7473;7573;6962;6915;6321;5755;5519;5322;4136;3548;2998;1990;1646;914;414;170;33;230004
108;Itapajé;72692;5535;5647;5958;5988;5638;5590;5212;4584;4037;3906;2870;2300;1835;1343;1001;578;276;101;27;230005
109;Quixadá;164342;11339;12115;12790;13613;12382;11796;11436;10187;9656;9495;7452;6134;5232;3602;2848;1551;710;254;50;230006
110;Russas - Limoeiro do Norte;193234;12230;12858;14321;14642;14956;15195;14610;13154;12086;11878;9345;7779;6510;4449;3048;1733;885;300;77;230007
111;Aracati;77930;4988;5370;5607;6273;6353;6541;6034;5349;4890;4531;3420;2819;2523;1686;1003;557;334;107;28;230008
112;Iguatu;153335;10369;10577;10749;10691;11066;11549;11309;9935;9228;9271;7893;6420;5776;4132;3127;1724;765;235;59;230009
113;Icó;54409;3653;4025;3794;3693;3813;4114;3892;3571;3248;3428;2859;2349;2056;1283;1077;538;238;78;11;230010
114;Juazeiro do Norte;445017;31212;32564;36159;35606;35076;34515;33078;28328;25136;23092;18761;15446;13290;9690;7202;4057;1865;566;151;230011
115;Brejo Santo;94564;6613;6723;7377;7289;7436;7242;7113;6288;5302;5048;4216;3389;3000;2055;1651;924;404;134;34;230012
116;Crateús;129323;8631;9463;9350;9322;8940;9045;9414;8474;7849;8022;6593;5308;4614;3277;2511;1450;713;244;60;230013
117;Tauá;50992;3309;3757;3929;3821;3761;3474;3593;3240;3087;3040;2520;2104;1818;1317;1049;503;246;104;20;230014
118;Sobral;298651;20533;22205;24782;25466;24269;23299;21220;18674;16652;16207;12217;9702;8827;5881;4409;2361;1157;386;93;230015
119;Săo Benedito - Ipu - Guaraciaba do Norte - Tianguá;206339;15666;16267;16752;16288;15493;15524;14416;12295;11004;10694;8542;6932;6037;4052;3198;1816;907;297;92;230016
120;Acaraú;110631;8311;8700;9325;9764;9267;9384;8326;6769;5772;5055;3859;2947;2572;1872;1268;673;299;99;25;230017
121;Camocim;71633;5314;5851;6075;5849;5638;5560;5284;4649;4004;3598;2656;2270;1941;1342;872;430;218;59;24;230018
122;Natal;839886;53634;56383;62890;65994;66640;69933;66990;57036;52775;49861;39920;30930;24610;16664;11540;6664;3246;1281;266;240001
123;Santo Antônio - Passa e Fica - Nova Cruz;67601;4842;5307;5287;5221;4989;5227;4843;4344;3784;3915;2858;2328;2033;1505;1201;655;336;100;41;240002
124;Canguaretama;68024;5291;5401;5452;5485;5321;5403;4882;4341;3847;3503;2699;1907;1666;1112;905;491;241;99;35;240003
125;Santa Cruz;47215;3377;3436;3489;3737;3738;3748;3344;2959;2737;2660;2097;1641;1447;1102;822;466;208;83;19;240004
126;Joăo Câmara;35322;2667;2953;2893;2790;2716;2863;2513;2211;1790;1835;1388;1085;964;706;490;246;142;58;12;240005
127;Săo Paulo do Potengi;32038;2181;2481;2406;2470;2401;2307;2150;2167;1920;1790;1564;1216;981;777;588;374;159;63;17;240006
128;Caicó;88975;5432;5853;6195;6099;6532;7420;6999;6046;5755;5890;4641;3817;3138;2221;1679;946;474;173;34;240007
129;Currais Novos;57072;3802;3927;4067;4111;4105;4580;4396;3849;3567;3603;2799;2201;1997;1295;1103;598;297;148;26;240008
130;Mossoró;239014;15473;16462;17524;18452;18874;19844;19248;16495;15628;15068;11705;8579;6696;4419;3336;1793;832;311;95;240009
131;Pau dos Ferros;115726;7809;8422;8244;8109;8099;9100;8757;7654;7220;7224;5728;4991;4145;2841;2258;1126;517;200;53;240010
132;Açu;113094;7852;8438;8375;8228;8540;9233;8715;7599;7212;7128;5357;3796;3157;2314;1635;950;425;182;81;240011
133;Joăo Pessoa;751404;48579;50213;55517;56918;57643;61795;61627;52290;48033;43788;35263;27624;21552;14496;10106;5615;2776;825;248;250001
134;Guarabira;155369;11064;11589;11147;10966;11051;11717;11337;10168;9294;8733;7058;5674;5236;3794;2975;1739;806;262;97;250002
135;Mamanguape - Rio Tinto;74360;5730;5845;5615;5580;5518;5575;5384;4678;4305;3840;2955;2445;2184;1453;1017;623;266;87;32;250003
136;Itabaiana;32371;2247;2310;2232;2263;2365;2388;2371;2097;1994;1880;1592;1282;1080;801;594;336;167;56;39;250004
137;Campina Grande;484465;33180;34303;36105;36218;36469;37399;35988;31573;28973;27335;22560;17936;15321;11161;8045;4686;2391;833;249;250005
138;Cuité - Nova Floresta;44540;3055;3224;3176;3089;3266;3323;3155;3077;2673;2654;2084;1810;1548;1187;916;526;276;120;21;250006
139;Monteiro;27875;1939;2028;1865;1975;1906;2104;2011;1906;1721;1709;1374;1151;980;703;543;301;139;52;6;250007
140;Sumé;26265;1740;1809;1777;1684;1863;2046;1791;1772;1600;1688;1341;1080;987;725;617;332;167;68;16;250008
141;Patos;131312;9163;9807;9672;9275;9536;10282;9910;8899;7729;7519;5765;5088;4261;2934;2306;1212;600;194;47;250009
142;Itaporanga;59541;4183;4406;4158;4229;4324;4739;4455;4040;3488;3414;2890;2434;2035;1514;1053;507;238;69;36;250010
143;Catolé do Rocha - Săo Bento;58056;3797;4048;4258;4206;4352;4673;4651;4060;3420;3564;2871;2303;1853;1289;956;504;218;79;20;250011
144;Pombal;33429;2124;2385;2202;2179;2370;2601;2545;2277;2056;2152;1702;1429;1310;899;688;339;135;39;16;250012
145;Princesa Isabel;29390;2300;2254;2077;2149;2207;2074;2086;1973;1792;1585;1291;1135;967;721;484;276;114;26;8;250013
146;Sousa;70611;4774;4979;4816;4571;4919;5498;5508;4827;4307;4339;3448;2990;2641;1820;1489;687;319;104;56;250014
147;Cajazeiras;76844;4930;5532;5534;5715;5735;6116;5871;5042;4467;4381;3516;3223;2731;2021;1460;702;350;105;32;250015
148;Recife;2020008;120137;127081;141832;144072;150929;161231;165122;148790;139596;126689;110073;86779;65967;43199;28939;16107;7518;2370;577;260001
149;Goiana - Timbaúba;169440;12097;12623;12972;12420;12180;13225;13213;11453;10396;9529;7848;6350;4817;3245;2260;1304;564;173;64;260002
150;Palmares;102569;7936;8366;7958;7157;7852;7908;7501;6872;6163;5644;4508;3560;2690;1795;1226;604;259;65;32;260003
151;Limoeiro;109109;7288;7639;8068;7709;8001;8395;8302;7585;6687;6536;5257;4468;3721;2664;1841;1011;495;172;41;260004
152;Vitória de Santo Antăo;106532;7029;7479;8129;7934;8250;8633;8665;7437;6690;6082;4821;3959;3077;1995;1503;725;352;93;44;260005
153;Carpina;91324;6204;6362;6677;6331;6819;7401;7566;6584;5993;5353;4381;3721;2728;1714;1129;605;245;85;33;260006
154;Barreiros - Sirinhaém;72072;5894;6078;5781;5413;5499;5763;5488;4695;4026;3676;2860;2169;1530;1004;627;324;121;40;14;260007
155;Surubim;69056;4738;4971;5333;5159;5211;5644;5315;4547;3991;3659;3123;2567;2279;1651;1111;622;301;118;54;260008
156;Caruaru;561156;37828;40659;44684;45345;45622;46055;42925;37921;33367;29615;23772;18342;15248;10793;7597;4082;1873;567;179;260009
157;Garanhuns;277660;21454;22058;21767;20352;20592;21164;20152;17516;15356;14289;11863;10040;8316;6035;4109;2207;950;294;98;260010
158;Arcoverde;191987;15210;16254;15869;14559;14637;14513;13572;11456;10245;9600;8141;6196;5162;3707;2587;1306;582;227;75;260011
159;Belo Jardim - Pesqueira;127277;9342;9821;10073;9655;9411;9662;9000;7972;7257;7156;5934;4553;3641;2777;1919;1011;423;141;28;260012
160;Serra Talhada;163595;12722;13133;12589;12302;12355;12372;11625;10439;9014;8394;6735;5548;4714;3492;2445;1277;627;207;70;260013
161;Afogados da Ingazeira;94628;6876;7018;6603;6612;7019;7168;6883;6151;5418;5536;4477;3845;3297;2350;1675;911;380;121;36;260014
162;Petrolina;257353;19975;20927;22791;21795;21228;21122;19879;16751;13865;11824;8963;6498;5154;3620;2368;1229;574;187;64;260015
163;Araripina;161809;13549;14115;13356;11859;12115;11753;11302;9587;8646;8076;6251;4996;4231;3304;2425;1249;533;200;55;260016
164;Salgueiro;91961;7411;7499;7263;6712;6862;6895;6700;5881;5129;4740;3821;3085;2465;1837;1367;746;331;150;47;260017
165;Escada - Ribeirăo;70075;5002;5441;5330;5238;5314;5576;5436;4894;4453;4011;3201;2412;1733;1272;859;408;177;36;41;260018
166;Maceió;670665;44145;47677;53664;53562;50970;54648;53196;48121;43678;37991;31045;23836;17357;10714;6957;3741;1746;596;203;270001
167;Porto Calvo - Săo Luís do Quitunde;98582;8326;8559;8790;7862;7208;7383;7149;6449;5361;4542;3636;2847;1951;1259;823;417;178;40;37;270002
168;Penedo;91330;7338;7218;7109;6800;6926;7246;6768;5944;5225;4709;3944;3075;2219;1483;1044;573;256;72;37;270003
169;Săo Miguel dos Campos;70245;5485;6045;5717;5293;4960;5502;5388;4791;4059;3694;3040;2338;1672;1127;729;393;136;39;25;270004
170;Uniăo dos Palmares;72367;6122;5943;5886;5604;5054;5408;5100;4549;4179;3524;3077;2330;1742;1169;768;387;161;51;32;270005
171;Atalaia;53896;4431;4739;4330;3863;3628;3957;3923;3458;3090;2718;2485;1918;1362;897;582;302;127;43;17;270006
172;Arapiraca;282411;21272;22567;23116;22234;21555;22286;21110;18266;15786;14528;11562;9627;7402;5074;3177;1699;684;190;70;270007
173;Palmeira dos Índios;86113;6557;6587;6317;6041;6003;6570;6389;5735;5100;4750;4006;3307;2777;1971;1300;649;280;105;31;270008
174;Delmiro Gouveia;76653;6568;6620;6076;5944;5729;5873;5230;4661;4100;3757;2905;2300;2127;1536;971;497;214;75;30;270009
175;Santana do Ipanema;69807;6085;6144;5871;5368;5144;4953;4507;4236;3781;3520;2674;2226;1719;1334;857;442;190;60;50;270010
176;Păo de Açúcar - Olho d'Água das Flores - Batalha;58195;4875;4941;4922;4582;4256;4250;3896;3521;3055;2906;2254;1826;1318;1138;707;388;170;53;28;270011
177;Aracaju;611829;40897;42676;47470;48503;48305;52049;51321;42623;39197;34527;27681;20941;15508;10259;6870;3862;2016;678;153;280001
178;Estância;118885;9193;9776;9394;9103;8957;9451;8989;7723;7077;6222;4970;3853;2885;2064;1371;763;378;118;43;280002
179;Propriá;75292;5833;5929;5719;5647;5704;5792;5465;4878;4417;4130;3243;2441;1972;1382;973;541;202;76;34;280003
180;Itabaiana;129734;9045;9617;10476;10747;10091;10232;10353;8815;7940;6858;5561;4366;3557;2512;1681;998;496;156;41;250004
181;Lagarto;131070;8677;9784;10684;10395;10086;10094;10028;8888;8124;7610;5681;4542;3691;2777;1974;1014;491;151;39;280005
182;Nossa Senhora da Glória;85386;6887;7267;7015;7047;6661;6685;6139;5452;4654;4153;3084;2431;1945;1388;801;481;167;96;55;280006
183;Salvador;1876396;107937;113240;132395;133821;138767;169941;177018;142181;128341;115469;99205;77105;55627;35750;24502;13970;7143;2457;661;290001
184;Alagoinhas;239344;17020;18234;18418;18210;17101;19550;19287;16128;14433;13030;10436;8211;6512;4919;3367;1881;987;310;242;290002
185;Santo Antônio de Jesus;147147;9887;10363;11089;11124;11116;12588;12516;10297;9012;8076;6782;5176;4215;2856;2180;1388;787;268;118;290003
186;Cruz das Almas;142471;9249;10228;10311;10060;10114;12105;11837;9959;9156;8359;7084;5427;4258;3079;2263;1403;803;286;132;290004
187;Valença;115476;8559;9278;9053;8698;8857;9649;9098;7310;6707;5888;5106;3865;2816;1747;1276;747;329;107;58;290005
188;Nazaré - Maragogipe;85745;5917;6257;6158;5760;5851;7056;7212;6169;5658;5223;4427;3562;2556;1671;1183;627;355;120;43;290006
189;Ilhéus - Itabuna;332690;22068;24100;23869;23163;23899;27407;27106;22225;20534;19309;17761;13490;10310;6753;5118;2882;1417;466;152;290007
190;Teixeira de Freitas;218174;16272;16665;16403;16148;16069;17503;16725;14110;12518;11608;10054;8041;6006;4057;2720;1475;747;251;98;290008
191;Eunápolis - Porto Seguro;199866;15575;15862;16193;15405;15635;17199;16750;13057;10951;9512;7866;6040;4428;2626;1818;948;428;175;58;290009
192;Camacan;62676;4620;4919;4707;4216;4449;5023;4763;3889;3646;3298;3221;2436;1931;1167;825;500;256;90;27;290010
193;Vitória da Conquista;441656;29915;33531;34165;32171;32392;35965;35097;28399;26038;24086;20789;16217;13405;10080;7179;4127;2020;748;256;290011
194;Jequié;176914;11967;13048;12682;12468;12925;14386;14118;11608;10182;9675;8797;7103;5446;3977;2754;1809;985;338;159;290012
195;Brumado;114386;7091;7536;8176;8066;8385;9396;9015;7415;7259;6932;5838;4578;4063;3192;2161;1272;692;238;102;290013
196;Ipiaú;105414;7723;8133;7751;7314;7655;8858;8437;6290;5850;5741;5274;4135;2900;2060;1478;852;458;157;82;290014
197;Itapetinga;71607;5093;5489;5188;4962;5109;5865;5864;4869;4251;3927;3439;2674;2236;1607;1149;629;302;65;42;290015
198;Guanambi;232708;15285;16844;17396;16733;17657;18506;17683;14454;14519;13323;11367;8716;7784;5575;4238;2445;1222;467;159;290016
199;Bom Jesus da Lapa;109179;8252;9047;8532;7985;8002;8462;7990;6093;6077;5722;4790;3715;3001;2468;1677;990;525;135;62;290017
200;Barreiras;259739;20059;20934;21735;21587;21466;22939;20089;15535;13319;11841;9479;6863;5585;3905;2604;1469;698;240;59;290018
201;Santa Maria da Vitoria;68752;5087;5318;5030;4860;5071;5409;5168;4323;3943;3854;3200;2591;2134;1595;1050;567;273;90;49;290019
202;Irecę;199428;14971;16414;15269;14342;13849;15564;15542;12985;11771;10970;8950;6775;5565;4191;2856;1439;702;215;83;290020
203;Xique-Xique - Barra;105879;8382;9235;8136;7757;7493;8172;7493;5958;5406;5349;4521;3433;2988;2327;1572;952;488;146;42;290021
204;Juazeiro;270222;21089;22029;22003;20403;19814;20948;20576;17299;14954;13363;10474;8032;6758;4851;3414;1829;849;311;92;290022
205;Senhor do Bonfim;148494;10631;11591;11601;10546;10580;11584;11641;9730;9109;7836;6351;5131;4394;3303;2262;1218;617;270;85;290023
206;Paulo Afonso;97542;7323;7302;7415;7224;7208;7546;7583;6704;5830;5192;4029;3353;2824;1948;1411;713;366;118;46;290024
207;Ribeira do Pombal;97591;7172;7533;7393;6932;6988;7545;7322;6527;5782;5511;4452;3472;3112;2310;1659;859;420;171;61;290025
208;Euclides da Cunha;93325;6843;7431;7269;6684;6724;7060;6776;6037;5464;5089;3963;3296;3005;2408;1596;917;426;214;72;290026
209;Cícero Dantas;58503;3681;4248;4551;4352;4435;4521;4146;4049;3746;3618;2805;2216;2029;1546;1146;578;288;87;32;290027
210;Jeremoabo;46941;3591;3874;3786;3655;3564;3550;3310;2991;2777;2637;2020;1514;1353;996;715;369;199;75;29;290028
211;Feira de Santana;637936;42937;44688;48886;47704;48013;53277;53052;43802;39558;35217;29133;22688;18697;13456;9486;5274;2885;1015;380;290029
212;Jacobina;158421;11651;11999;11701;11170;11638;12659;12055;10293;9217;8628;7214;5617;5055;3698;2476;1323;717;251;88;290030
213;Itaberaba;107715;7915;8523;8215;7658;7687;8475;8227;6655;6139;5953;4996;3815;3200;2541;1808;1030;588;220;85;290031
214;Conceiçăo do Coité;100247;7082;7710;7830;6933;7158;8151;8040;6884;5790;5419;4269;3436;3037;2308;1526;792;422;158;44;290032
215;Serrinha;92140;6639;7192;7248;6773;6993;7579;7451;6060;5372;4726;3924;2848;2664;2056;1377;704;379;151;38;290033
216;Seabra;91216;6705;7303;7213;6685;6820;7156;6908;5486;5002;4684;3961;3116;2632;2232;1531;849;514;163;67;290034
217;Belo Horizonte;2643775;147111;157156;190991;198480;201507;212717;225491;186318;174929;164348;147813;118622;87997;59866;40678;24703;12135;3822;755;310001
218;Sete Lagoas;209314;11868;13211;14776;15512;16158;16512;16755;14404;14010;13645;11899;9399;6783;4689;3251;2002;838;273;51;310002
219;Santa Bárbara - Ouro Preto;131308;7869;8273;9692;10034;10307;10573;10687;9081;8316;8076;7052;5464;3917;2567;1916;1123;571;195;25;310003
220;Curvelo;91506;5495;6087;6304;6472;6482;6840;6940;6186;6135;6168;5339;4283;3205;2234;1586;933;442;142;35;310004
221;Itabira;77243;4484;4640;5277;5344;5612;5821;6166;5315;5319;5306;4439;3450;2667;1823;1338;858;415;118;27;310005
222;Montes Claros;377129;24306;26976;29607;28970;29260;30079;29493;24749;23090;21145;18031;14504;11414;8002;5126;3011;1359;422;130;310006
223;Janaúba;106189;7555;8061;8286;8354;8044;8548;8207;6353;6059;5646;4869;3631;3140;2091;1302;760;356;124;35;310007
224;Salinas;91476;6063;6832;6896;6774;6567;7062;6701;5872;5347;5017;4572;3780;3213;2276;1562;1002;477;165;57;310008
225;Januária;71387;5464;6011;5548;5140;5033;5390;4746;3997;3881;3801;3286;2769;2103;1638;1063;609;321;126;38;310009
226;Pirapora;67617;4589;4918;4719;4886;5127;5522;5481;4420;4111;3954;3450;2724;1883;1222;855;514;227;79;23;310010
227;Săo Francisco;51698;3958;4473;4406;3979;3904;3897;3577;2860;2787;2467;2184;1823;1532;1015;690;420;192;58;15;310011
228;Espinosa;46402;3021;3195;3060;2980;3086;3657;3527;2977;2980;2954;2645;2035;1633;1329;874;552;228;79;28;310012
229;Teófilo Otoni;231158;15757;17203;16761;15560;15731;16579;16878;14907;14133;13486;11965;10130;8020;6315;4541;2854;1411;468;146;310013
230;Capelinha;81217;5761;6576;6474;6111;6426;6537;6019;5032;4497;4460;3753;3032;2224;1640;1206;676;324;102;28;310014
231;Almenara;80741;5537;6174;5589;5313;5458;5793;5605;5196;4852;4904;4142;3450;3015;2163;1666;1054;506;154;77;310015
232;Diamantina;64114;4018;4600;4956;4872;5020;5012;4612;4030;3831;3924;3314;2668;1959;1518;1139;716;339;112;28;310016
233;Araçuaí;47953;3153;3600;3576;3214;3321;3461;3445;3218;2894;2911;2548;2006;1708;1305;1017;620;334;98;31;310017
234;Pedra Azul;45378;3161;3479;3608;3401;3303;3309;3242;2843;2706;2483;2125;1846;1601;1168;846;490;234;80;23;310018
235;Águas Formosas;23526;1692;1773;1605;1551;1545;1638;1678;1534;1312;1343;1162;998;817;664;492;288;127;39;12;310019
236;Governador Valadares;217371;12778;14140;15767;14816;14972;15813;16402;14938;14588;14336;12308;10236;7902;5719;4062;2392;1094;292;83;310020
237;Guanhăes;92843;6016;6782;6713;6367;6517;6616;6521;5879;5818;5607;4975;4158;3368;2505;1906;1275;554;193;49;310021
238;Mantena;30921;1808;2020;1964;1888;1844;2292;2400;2194;2226;2074;1811;1537;1200;890;618;375;165;48;11;310022
239;Aimorés - Resplendor;29527;1766;1850;1884;1865;1825;1987;2161;2134;2024;1931;1737;1485;1230;871;585;352;169;39;11;310023
240;Ipatinga;308620;18388;19257;21510;21714;22206;23332;25244;21633;21079;20155;17969;14557;10206;6790;4738;2845;1273;336;72;310024
241;Caratinga;114001;6983;7662;7759;7444;7813;8501;8664;7997;7690;7489;6310;5459;4010;2779;2078;1234;574;165;47;310025
242;Joăo Monlevade;78700;4510;4832;5346;5258;5470;5737;6204;5230;5332;5447;4854;3857;2941;2158;1447;874;403;135;30;310026
243;Juiz de Fora;373145;18942;21450;26267;27018;27044;26822;28452;24821;25195;26111;24049;20157;15447;10395;7023;4315;2086;618;97;310027
244;Manhuaçu;176838;11425;12767;13362;12745;12834;13702;13247;11525;11062;10204;8860;7394;5473;3742;2669;1607;750;223;53;310028
245;Ubá;135854;7912;8341;9518;10013;10215;10357;10254;9227;9068;9130;7801;6284;4736;3289;2299;1428;657;189;26;310029
246;Ponte Nova;91216;5071;5734;6017;6097;6155;6490;6942;6154;6113;6347;5491;4783;3659;2648;1898;1218;593;174;33;310030
247;Muriaé;90156;5067;5645;6157;6403;6526;6834;6984;6081;6086;5736;5429;4557;3354;2247;1577;924;438;132;32;310031
248;Cataguases;87487;4753;5024;5460;5673;6047;6268;6574;5912;6166;6088;5774;4684;3815;2702;1855;1096;499;165;22;310032
249;Viçosa;84713;4654;5385;6193;6287;6261;6574;6578;5715;5475;5564;5023;4226;2926;2052;1550;963;465;132;28;310033
250;Carangola;56246;3485;3854;4072;4023;3875;4130;4228;3748;3579;3385;3161;2733;2005;1258;947;548;255;93;22;310034
251;Săo Joăo Nepomuceno - Bicas;36973;2024;2251;2389;2602;2573;2635;2607;2417;2436;2584;2458;1924;1534;1045;692;473;230;50;7;310035
252;Além Paraíba;27218;1561;1577;1737;1873;1763;1818;2019;1741;1897;1877;1829;1494;1083;786;542;368;156;66;9;310036
253;Barbacena;114551;6158;6957;7601;7949;8127;8275;8798;8056;8445;8104;7384;5855;4407;3094;2008;1187;561;134;27;310037
254;Conselheiro Lafaiete;177140;10425;10893;12151;12731;13437;13484;13859;11944;11772;11746;10682;8241;6100;4115;2873;1671;770;193;34;310038
255;Săo Joăo del Rei;95345;5100;5604;6522;6702;6797;6700;7416;6832;6718;6912;6199;4851;3539;2482;1741;956;466;108;26;310039
256;Varginha;101566;5934;6476;7147;7520;7570;7914;8462;6960;6579;6366;5846;4817;3371;2139;1467;784;364;91;13;310040
257;Passos;130132;7647;8076;9279;9293;9315;9242;9874;8799;8945;8587;7711;6443;4698;3267;2051;1117;450;143;22;310041
258;Alfenas;125769;7492;8084;8914;8756;9095;9302;9466;8590;8520;8217;7416;6093;4602;3144;2159;1204;486;139;31;310042
259;Lavras;116417;6185;7365;8858;8577;8525;8899;8762;7685;7501;7503;6876;5880;4212;2919;1956;1145;503;154;27;310043
260;Guaxupé;78882;4478;4771;5427;5645;5921;5880;5948;5329;5389;5201;4838;4007;2878;1939;1301;753;305;88;10;310044
261;Tręs Coraçőes;64108;3863;4279;4628;4744;4560;4814;4896;4213;4081;4138;3613;3043;2141;1476;982;556;225;76;14;310045
262;Tręs Pontas - Boa Esperança;62580;3742;4074;4698;4526;4492;4650;4707;4114;4145;3908;3708;3118;2113;1421;968;554;228;65;14;310046
263;Săo Sebastiăo do Paraíso;59565;3453;3648;4159;4214;4318;4357;4499;3919;3822;3803;3616;2965;2237;1608;1100;561;269;64;6;310047
264;Campo Belo;44198;2528;2580;2986;2967;3027;3308;3500;3087;2977;2808;2792;2412;1713;1262;800;512;224;50;15;310048
265;Piumhi;28681;1544;1799;2046;2114;2115;2235;2281;2018;1903;1818;1745;1363;1042;709;483;266;116;36;3;310049
266;Pouso Alegre;289086;16842;18036;20735;21423;21798;22432;22758;20069;19249;18457;16420;13348;9891;6522;4179;2323;1056;254;47;310050
267;Poços de Caldas;139349;7626;8051;9657;10071;9844;10590;11027;9743;9436;9224;8501;7364;5493;3758;2528;1384;590;178;28;310051
268;Itajubá;99979;5762;5923;6859;7042;6978;7279;7305;6772;6818;7047;6286;5097;3676;2571;1719;969;433;113;21;310052
269;Săo Lourenço;93491;5444;5765;6083;6333;6316;6877;7399;6304;6389;6369;5920;4941;3628;2478;1689;902;412;119;23;310053
270;Caxambu - Baependi;36999;2011;2156;2342;2512;2522;2550;2733;2461;2592;2696;2453;2094;1531;1091;763;452;192;56;8;310054
271;Uberaba;232500;14203;14864;17189;17925;18237;18504;18490;15482;14417;13939;12535;9996;7539;5106;3423;1962;892;264;46;310055
272;Araxá;89666;5585;5832;6203;6678;6960;7281;7056;6016;5726;5572;4785;3912;2693;1839;1204;641;264;71;14;310056
273;Frutal;52877;3428;3464;3537;3824;4084;4261;4202;3557;3539;3305;2912;2261;1646;1180;734;405;139;56;7;310057
274;Iturama;32885;2009;2148;2490;2468;2513;2462;2678;2438;2294;2062;1722;1252;948;622;364;197;107;23;7;310058
275;Uberlândia;494158;28849;31319;36636;38950;39326;39364;39723;34150;32020;30652;26549;20710;15295;10128;6987;3986;1747;482;98;310059
276;Ituiutaba;76462;4368;4579;4871;5369;5383;5472;5788;5509;5615;5357;4475;3566;2870;2080;1383;774;334;107;18;310060
277;Monte Carmelo;37032;2168;2379;2606;2736;2631;2612;2934;2684;2645;2426;2156;1586;1256;835;529;270;133;35;11;310061
278;Patos de Minas;255137;15410;17158;19732;20062;19720;19428;19732;17850;17120;15480;13218;10233;7532;5118;3598;1900;881;283;67;310062
279;Unaí;90442;6044;6752;7061;6826;6605;7006;7119;6247;5495;5163;4402;3458;2446;1652;1085;536;266;77;19;310063
280;Patrocínio;70788;4306;4704;5329;5291;5368;5463;5376;4842;4800;4317;3735;2919;2206;1488;972;530;240;62;12;310064
281;Divinópolis;356016;20537;22604;26985;28206;28312;27926;28560;24257;23066;22109;19054;14998;10871;7411;4966;2810;1185;361;60;310065
282;Formiga;86395;4514;4891;5539;6059;6193;6496;6645;6020;6263;6315;5527;4579;3231;2304;1549;874;337;85;17;310066
283;Dores do Indaiá;71960;4112;4556;4942;5219;5091;5147;5414;4812;4994;4809;4264;3468;2557;2014;1259;754;332;93;19;310067
284;Pará de Minas;71167;4176;4592;5418;5612;5550;5435;5679;4879;4771;4453;3695;3027;2158;1558;941;610;246;78;14;310068
285;Oliveira;58244;3091;3524;3965;3768;3975;4247;4442;4268;4229;4028;3738;3024;2182;1610;1146;661;310;74;16;310069
286;Abaeté;19753;1051;1146;1214;1347;1215;1415;1364;1314;1527;1506;1342;1103;827;585;420;213;95;28;5;310070
287;Vitória;1010615;60966;62585;71067;73358;78088;85599;85095;69211;64073;60919;55326;44959;31209;19734;13398;8096;3932;1149;239;320001
288;Afonso Cláudio - Venda Nova do Imigrante - Santa Maria de Jetibá;115160;6798;7508;7853;8051;8518;9343;9498;8059;7568;6969;6090;5053;3832;2572;1798;1024;482;134;25;320002
289;Săo Mateus;136559;9269;10031;9953;9948;9971;10831;10818;9362;8467;7751;6797;5325;3661;2433;1721;958;425;123;46;320003
290;Linhares;167977;11513;11812;12519;12856;13385;13901;13775;11215;9948;8967;7806;6323;4243;2700;1791;1156;516;160;29;320004
291;Colatina;152908;8890;9369;10099;10504;11027;11849;12055;10610;10546;9900;8915;7090;5252;3641;2633;1606;673;233;34;320005
292;Nova Venécia;67758;4186;4414;4521;4727;4804;5206;5247;4836;4597;4298;3764;3081;2100;1436;1045;550;257;85;28;320006
293;Cachoeiro de Itapemirim;214751;12767;13460;14276;15009;16083;16889;17281;14361;14035;13965;12419;10111;7090;4572;3402;1992;914;291;54;320007
294;Alegre;97921;6161;6609;7006;6956;7090;7383;7594;6429;6240;5817;5235;4431;3194;2153;1466;916;456;128;23;320008
295;Rio de Janeiro;6242353;339921;361121;427024;446020;450191;472539;502084;435331;418338;401165;375049;318911;242688;160148;109865;66154;32344;9436;1692;330001
296;Angra dos Reis;108652;6906;7324;7796;8113;8167;8984;9421;7562;6951;6570;5765;4308;2971;1749;959;576;236;66;12;330002
297;Rio Bonito;69005;3938;4351;4802;4948;4783;4991;5536;4949;4837;4330;4099;3285;2477;1536;1029;574;304;91;18;330003
298;Volta Redonda - Barra Mansa;328751;17962;18982;21666;21920;22208;23939;26003;22315;22365;23567;22116;18399;13243;8397;5472;3307;1497;420;67;330004
299;Resende;100879;6100;6158;7117;7321;7469;8046;8370;7146;6746;6407;5720;4503;3374;2099;1378;805;334;115;26;330005
300;Valença;87969;4847;5383;6012;5845;5756;6096;6466;5707;5919;6213;5828;4573;3651;2570;1711;1060;506;137;31;290005
301;Petrópolis;251686;13512;14566;16995;16936;17207;17955;19476;17465;17554;17056;15556;13151;10627;7228;4833;2899;1352;410;67;330007
302;Nova Friburgo;173091;9699;10131;11009;11197;11692;12812;13857;12022;12336;12067;11040;9127;7081;4752;3219;1864;876;237;45;330008
303;Tręs Rios - Paraíba do Sul;77119;4678;4729;5249;5335;5335;5484;5759;5214;5251;5079;4765;3896;2894;1996;1290;764;360;101;21;330009
304;Campos dos Goytacazes;328071;19583;20934;23397;23485;24065;24562;25288;21718;21068;20717;19308;14847;11597;7470;5148;2756;1290;360;73;330010
305;Itaperuna;99443;5459;5856;6742;6673;6748;7109;7856;6889;6777;7026;6032;5084;3815;2713;1755;1118;551;170;47;330011
306;Santo Antônio de Pádua;60108;3239;3613;3913;3783;3953;4269;4662;4129;4315;4286;3716;3182;2425;1780;1185;668;313;101;15;330012
307;Cabo Frio;288376;17261;17941;19020;19543;19500;21561;23361;20234;19582;19154;17622;14531;10458;6523;4106;2357;1105;283;60;330013
308;Macaé - Rio das Ostras;261996;17064;16950;18192;19248;20556;22981;22589;18376;16225;15132;13235;10290;7119;4465;2833;1619;721;215;51;330014
309;Săo Paulo;10884139;628733;665229;769814;801527;826831;901700;914030;788795;728861;662953;592945;482096;363089;240769;159098;93009;44169;12482;2007;350001
310;Santos;961794;57101;58793;63000;62673;65702;73213;77805;67490;64219;62378;58770;49746;38009;24945;16350;9644;4510;1254;200;350002
311;Sorocaba;934014;56020;58009;65340;68715;72350;77615;77439;65625;60618;56994;51600;40504;29611;19576;12305;7062;3062;796;127;350003
312;Itapeva;173364;11512;12518;12504;12534;12837;13284;13262;11787;11072;10365;9109;7026;5468;3643;2228;1195;477;130;18;350004
313;Registro;125884;8617;8677;8186;8056;8252;9226;9837;8797;8159;7805;7140;5928;4354;3006;2001;1077;484;122;29;350005
314;Itapetininga;118903;7672;8043;8663;8471;8838;9199;9322;7964;7509;7066;6571;5265;3909;2619;1611;930;394;111;18;350006
315;Avaré;114898;7246;7461;7868;8073;8469;8910;8964;7961;7263;7065;6414;5234;3924;2576;1645;944;434;98;21;350007
316;Tatuí;84903;5420;5491;5963;6078;6364;6734;6686;5866;5311;5173;4721;3731;2898;1949;1203;624;287;86;11;350008
317;Bauru;329969;19317;19968;22418;23552;23959;26115;26619;23201;21596;20569;19162;15598;11760;8210;5456;3247;1479;360;42;350009
318;Jaú;166378;9536;10032;10521;11088;11853;13338;13181;11949;11211;11096;10133;8312;6195;4252;2901;1734;764;187;19;350010
319;Botucatu;129985;7909;8319;9238;9255;9615;10322;10228;9025;8359;7867;7224;6116;4580;3070;2050;1303;583;164;23;350011
320;Lins;79347;4649;4669;5127;5312;5477;5971;6299;5390;5373;5336;4831;3977;3114;2143;1426;856;371;96;15;350012
321;Marília;195579;11008;11200;12817;13260;13603;14741;15481;14008;13135;12664;11817;9839;7666;5277;3575;2134;927;270;40;350013
322;Assis;119511;7008;6941;7702;8004;8431;8888;9213;8349;8296;8182;7231;6137;4607;3258;2061;1225;544;106;29;350014
323;Ourinhos;116191;7174;7268;7667;7756;8131;8566;8676;7975;7828;7567;6741;5691;4601;3190;2073;1119;472;153;19;350015
324;Tupă;64786;3590;3917;3942;4137;4207;4731;4879;4414;4532;4436;4216;3338;2804;2031;1432;787;372;98;9;350016
325;Piraju;28803;1730;1830;1868;1828;2013;2170;2096;1947;1836;1980;1796;1518;1224;803;516;286;142;24;4;350017
326;Presidente Prudente;269295;15224;15817;17734;18120;18635;19533;20396;18773;19508;19042;16608;13314;10213;7363;4920;2718;1157;303;43;350018
327;Adamantina - Lucélia;61496;3280;3384;3637;3860;4194;4324;4502;4246;4436;4429;4202;3447;2647;2029;1391;803;333;80;21;350019
328;Dracena;65921;3718;3635;3862;4284;4518;4730;5016;4558;4621;4560;4211;3643;2763;2013;1349;817;307;93;8;350020
329;Presidente Epitácio-Presidente Venceslau;44228;2463;2590;2568;2628;2864;3153;3427;3213;3333;3398;2979;2401;1797;1236;871;452;217;46;6;350021
330;Araçatuba;158885;8950;8659;10141;10688;11386;12184;12661;11212;11101;10860;9896;8034;6193;4419;2941;1646;678;195;29;350022
331;Birigui - Penápolis;139953;8201;8130;8868;9151;9963;10469;10827;10049;9887;9591;8547;7005;5281;3789;2484;1368;581;155;23;350023
332;Andradina;93841;5304;5440;5635;5897;6187;6586;7018;6864;6988;6757;6062;5035;3906;2926;1833;995;405;113;19;350024
333;Săo José do Rio Preto;483883;26912;27455;31603;34522;36813;38389;39194;33657;32167;31523;28283;23520;17899;12779;8612;4993;2097;540;71;350025
334;Catanduva;123149;6959;7041;7649;8374;8841;9801;9930;8482;8634;8084;7192;6204;4903;3423;2417;1458;616;145;24;350026
335;Votuporanga;87079;4722;4806;5518;5812;6463;6590;6862;5923;5926;5837;5529;4544;3545;2619;1779;913;376;101;14;350027
336;Jales;55784;3053;3062;3169;3360;3528;3938;4257;4108;4098;4128;3858;3134;2520;1813;1208;646;261;56;9;350028
337;Fernandópolis;59421;3153;3336;3749;3941;4162;4335;4686;4163;4086;3983;3890;3256;2479;1697;1180;668;287;79;15;350029
338;Santa Fé do Sul;27970;1551;1475;1701;1797;1814;2019;2190;1953;1970;1946;1808;1598;1241;899;593;291;118;28;7;350030
339;Ribeirăo Preto;744798;42888;45333;52542;56797;58768;62518;61494;50462;47193;45016;40706;33445;25290;17371;11799;6826;3209;860;128;350031
340;Barretos;213271;12135;12691;13776;14976;16123;17446;16907;14599;14143;13651;12437;10004;8085;5611;3635;2142;941;261;27;350032
341;Franca;217330;12710;14058;15782;15801;16640;16905;16846;14770;14492;13485;12163;9839;7405;4914;3254;1801;788;207;34;350033
342;Săo Joaquim da Barra - Orlândia;76005;4492;4950;4998;5400;5629;6215;6108;5193;5161;4811;4290;3424;2752;1772;1221;618;307;80;5;350034
343;Ituverava;57427;3304;3725;3915;3894;3945;4356;4552;3940;3884;3626;3430;2790;2204;1549;1007;563;223;76;10;350035
344;Araraquara;305794;17316;18030;20154;21736;22909;24644;25194;21484;20556;19796;17986;14449;11038;7553;5101;2909;1357;315;60;350036
345;Săo Carlos;257547;14182;15307;17691;17917;18954;20628;20739;17899;17001;16707;15094;12412;9627;6623;4509;2670;1281;332;52;350037
346;Campinas;1568045;89303;91649;106461;115217;123207;132019;133798;112520;104632;97313;88407;70748;51646;34215;22562;12920;5983;1679;228;350038
347;Jundiaí;500569;29495;29967;33684;36430;39935;43499;43503;35599;32444;29531;26646;21461;16244;10411;6965;4159;1814;483;65;350039
348;Piracicaba;315380;17929;19044;21608;23010;24177;26260;26108;21961;19951;19448;17683;14449;11323;7722;5066;2988;1358;355;59;350040
349;Bragança Paulista;252444;14390;14721;16716;16935;18999;20403;21015;17889;16799;15839;14635;12049;9329;6310;4142;2353;1144;302;31;350041
350;Limeira;183052;10229;11101;12849;13205;14336;14915;15029;12889;12346;11683;10673;8557;5986;4055;2573;1542;670;142;22;350042
351;Mogi Guaçu;168805;9414;9725;10980;12136;12867;13964;13531;11596;11452;11152;10128;8352;6137;4055;2643;1453;644;154;22;350043
352;Săo Joăo da Boa Vista;151129;8448;9138;9861;10287;10733;11680;11692;10475;10324;10303;9211;7737;5810;4031;2690;1582;714;206;25;350044
353;Araras;133823;7774;8198;9172;9894;10421;10900;10882;9095;8814;8424;7470;6023;4499;3119;2047;1193;559;129;25;350045
354;Rio Claro;123802;7100;7322;8792;8921;9309;9973;10187;8762;8038;7584;7025;5579;4358;3098;2066;1206;604;159;13;350046
355;Săo José do Rio Pardo - Mococa;91052;4984;5371;5778;5999;6390;6875;7022;6113;6137;6209;5897;4930;3775;2549;1680;949;433;112;15;350047
356;Amparo;67549;3433;3698;4171;4219;4879;5226;5524;4747;4707;4462;4367;3673;2845;1954;1414;865;396;99;14;350048
357;Săo José dos Campos;561551;33794;33944;37823;39250;42379;46299;47665;40354;36749;35283;31737;25844;19073;12372;7538;4155;1913;514;97;350049
358;Taubaté - Pindamonhangaba;316867;18885;19421;21355;22146;23552;25681;26503;22202;21184;20000;18254;14746;10873;7057;4464;2540;1130;297;40;350050
359;Caraguatatuba - Ubatuba - Săo Sebastiăo;175761;11446;11771;12144;12798;13558;14526;15169;12745;11253;9957;8879;7241;5191;3166;1972;1089;540;142;24;350051
360;Guaratinguetá;156861;8968;9525;10249;10784;11289;11793;12354;10818;10808;10588;9688;7702;5933;4037;2482;1395;651;181;21;350052
361;Cruzeiro;76647;4629;4932;5118;4968;5228;5666;6051;5308;4929;5278;4656;3792;2874;1944;1254;733;344;79;19;350053
362;Curitiba;1842253;112566;115697;134991;143581;145315;148485;151432;130533;122328;112028;97114;77592;56431;37149;22924;13191;5957;1638;261;410001
363;Paranaguá;152821;10192;10561;10287;10763;10781;11130;11329;10242;10360;9983;8859;7117;4950;3055;1799;962;387;102;24;410002
364;Uniăo da Vitória;81090;5064;5645;6118;5921;5781;5899;5942;5552;5454;5121;4368;3349;2557;1769;1169;578;239;49;8;410003
365;Guarapuava;171625;11595;12233;13341;13310;12430;12188;12421;11341;11240;10264;8837;6956;4884;3221;1896;959;350;90;25;410004
366;Pitanga;38804;2572;2846;2547;2749;2745;2822;2801;2807;2555;2450;2150;1724;1234;831;447;240;101;19;13;410005
367;Cascavel;280141;16904;17944;20796;23131;21858;21471;20485;19243;18642;17294;14461;11414;8268;5734;3451;1853;720;160;39;410006
368;Foz do Iguaçu;215770;13871;14187;16612;17424;17146;17030;16484;15093;14239;13168;10937;8334;5782;3799;2333;1166;415;95;26;410007
369;Toledo;178451;10872;10886;12244;13425;13598;13523;13202;12182;12313;11741;9648;7626;5841;4269;2703;1377;542;134;25;410008
370;Francisco Beltrăo;148154;8833;9526;10766;11353;11077;10680;10361;9589;9810;9896;8529;6783;5061;3477;2222;1172;456;107;31;410009
371;Pato Branco;142912;9107;9633;10678;11239;10990;10655;10108;9202;9149;8646;7520;6023;4447;2827;1826;1037;406;95;23;410010
372;Laranjeiras do Sul - Quedas do Iguaçu;52323;3627;3700;3844;3945;3669;3736;3657;3411;3422;3171;2709;2180;1584;1044;676;329;127;26;13;410011
373;Dois Vizinhos;44715;2645;2895;3365;3504;3423;3241;3231;2970;3016;2820;2409;1986;1379;938;606;290;100;24;12;410012
374;Marechal Cândido Rondon;43433;2588;2672;2996;3236;3254;3234;3195;2919;2860;2858;2316;1915;1562;1073;761;379;145;24;4;410013
375;Maringá;419615;23419;24370;29802;32684;32968;32206;31466;28463;28973;27722;23248;19543;14677;9961;6425;3382;1496;389;58;410014
376;Campo Mourăo;165789;9860;10373;10853;11547;11651;11838;11807;11544;11992;11773;9911;8003;5899;3975;2619;1420;600;151;32;410015
377;Umuarama;153452;9080;9360;10073;10737;10716;10959;10930;10680;10907;10284;9166;7468;5522;3928;2702;1382;560;148;26;410016
378;Paranavaí;103365;6428;6470;6739;7395;7347;7194;7350;7062;7239;7086;5994;4736;3581;2644;1756;984;420;123;17;410017
379;Cianorte;81880;4923;4990;5284;5774;5878;6110;5942;5859;6024;5611;4565;3743;2754;1978;1316;803;321;76;8;410018
380;Paranacity - Colorado;32482;1966;1943;1885;2180;2239;2341;2249;2321;2455;2469;2048;1624;1073;839;505;316;129;31;7;410019
381;Loanda;30660;1940;1900;1952;2145;2156;2240;2187;2126;2157;2173;1772;1388;1039;753;500;254;120;23;5;410020
382;Londrina;556880;32009;33878;39179;41342;41129;41440;42907;37429;37781;36708;31433;26804;20158;14159;9126;5108;2206;617;88;410021
383;Santo Antônio da Platina;139828;8482;8727;9285;9799;9649;10259;10042;9369;9490;9363;8385;6755;5145;3552;2224;1297;516;128;23;410022
384;Apucarana;116213;6953;7240;7566;8157;8519;8473;8525;7778;8095;7817;6694;5597;4222;3042;1918;1044;422;102;27;410023
385;Cornélio Procópio - Bandeirantes;89075;5144;5485;5491;5753;5754;6131;6281;6142;6438;6339;5668;4839;3816;2654;1716;947;491;113;21;410024
386;Ivaiporă;69032;4372;4367;4263;4699;4558;4684;4875;4621;4958;4869;4144;3534;2643;1920;1244;613;259;88;26;410025
387;Ibaiti;28691;1825;1882;1832;1966;1967;2036;2117;1972;2001;1924;1741;1418;1020;748;429;217;100;20;8;410026
388;Ponta Grossa;323569;22235;23173;24865;25613;24981;24016;24345;21757;20100;18435;16213;12621;9109;6209;3675;2054;848;232;47;410027
389;Telęmaco Borba;90537;6340;6565;6793;6867;6770;6796;6938;6095;5618;5175;4490;3375;2489;1676;1023;510;222;43;12;410028
390;Irati;73470;4755;5135;5350;5506;5457;5515;5290;5052;4889;4570;3904;3002;2263;1624;953;478;187;39;10;410029
391;Florianópolis;666826;36165;37070;48447;56291;57971;59563;56723;45772;41912;40312;35920;28245;20985;13142;8264;4925;2320;634;108;420001
392;Criciúma;228815;13428;14014;16643;17533;18737;18939;17663;14272;14863;15363;13432;9820;7071;4652;2703;1530;632;153;14;420002
393;Tubarăo;167221;9554;9908;11323;12226;13067;13025;12802;10529;11027;11751;10033;7904;6265;4077;2412;1316;539;127;14;420003
394;Araranguá;111171;6853;7150;7372;7901;8319;8442;8218;7195;7297;7684;6711;5160;3838;2414;1522;809;349;77;14;420004
395;Lages;149447;9219;9763;10882;11179;10977;11012;10733;9951;10057;9886;8382;6641;5079;3252;2033;1076;418;104;31;420005
396;Curitibanos;34444;2353;2343;2684;2655;2526;2515;2435;2358;2146;2055;1700;1277;1033;693;449;203;87;26;5;420006
397;Chapecó;229252;13215;13889;17857;19838;19597;18693;16713;14668;14126;13635;11527;8875;6705;4516;2910;1535;621;159;23;420007
398;Joaçaba - Herval d'Oeste;91595;5285;5526;6544;7008;6904;7096;6858;6067;6052;5952;5112;4075;3104;2162;1498;779;317;78;14;420008
399;Săo Miguel do Oeste;85908;4725;4884;5612;6098;6557;6523;5998;5602;5696;5872;5383;4277;3319;2295;1591;887;314;95;7;420009
400;Concórdia;75805;4171;4238;5300;5526;5619;5867;5624;5064;4950;4902;4329;3670;2858;1990;1285;714;300;68;8;420010
401;Xanxerę;65047;4131;4242;4897;5144;4772;4883;4609;4320;4055;4093;3523;2753;2009;1353;850;449;188;42;31;420011
402;Maravilha;27851;1513;1721;1808;1983;2061;2108;1931;1834;1839;1882;1687;1309;1059;766;510;274;109;26;5;420012
403;Săo Lourenço do Oeste;22729;1354;1514;1584;1650;1650;1617;1629;1513;1450;1442;1330;1017;789;579;352;198;81;17;5;420013
404;Caçador;50217;3334;3576;4175;3983;3882;3654;3676;3247;3214;2926;2446;1830;1331;870;524;277;103;24;8;420014
405;Videira;64652;3884;4192;4970;5091;4969;4969;4685;4285;4209;4096;3429;2595;2012;1393;849;475;184;37;13;420015
406;Joinville;538091;33367;33713;39995;43994;44568;45065;44333;37201;34408;32140;26754;20807;14864;9267;5612;3263;1346;330;57;420016
407;Mafra;117671;7490;8172;8567;8529;8627;8738;8801;8238;7636;7389;6393;4958;3701;2521;1539;841;351;76;12;420017
408;Săo Bento do Sul - Rio Negrinho;68194;4239;4623;4894;4978;5106;5464;5738;5031;4529;4347;3536;2673;1887;1323;791;415;131;35;6;420018
409;Blumenau;334723;18619;19759;24720;27662;28642;28193;27285;22995;21994;20659;17426;13687;10183;6576;4329;2412;1017;256;33;420019
410;Itajaí;454789;27513;27739;33916;39364;40224;39998;37883;29950;27503;25624;22447;17797;12243;7391;4595;2496;1075;241;41;420020
411;Brusque;118302;7014;7370;8709;10046;10504;10314;9454;7936;7511;6936;5718;4137;3104;1990;1253;758;333;74;9;420021
412;Rio do Sul;101209;6050;6370;7372;7645;8077;8218;7509;6853;6413;6346;5375;4369;3329;2289;1404;792;271;74;4;420022
413;Ibirama - Presidente Getúlio;29619;1962;1962;2290;2423;2310;2303;2102;1959;1822;1776;1469;1124;919;608;398;204;69;13;3;420023
414;Ituporanga;25680;1539;1757;1871;1903;1962;2034;1760;1672;1702;1689;1429;1087;850;541;322;178;70;15;1;420024
415;Porto Alegre;1582664;86806;92003;107794;113656;114982;120871;124879;104217;99204;102331;97735;83015;64053;43736;28482;17054;8119;2251;398;430001
416;Novo Hamburgo - Săo Leopoldo;431605;24431;25930;29549;31219;32283;33961;33925;29203;29512;30038;25907;19999;14774;9663;6266;3456;1438;346;47;430002
417;Tramandaí - Osório;134952;8134;8330;8529;8669;8934;9559;9686;8388;8540;9373;9326;7785;5747;3596;2101;1162;461;121;14;430003
418;Taquara - Parobé - Igrejinha;96189;5703;6043;6471;6906;7049;7379;7396;6643;6733;6629;5525;4220;3225;2187;1359;726;277;78;18;430004
419;Camaquă;63242;3585;4250;4152;4150;4126;4481;4520;4283;4391;4482;4042;3103;2362;1801;1219;699;302;86;14;430005
420;Charqueadas - Triunfo - Săo Jerônimo;58135;3543;3728;3967;3883;3922;4395;4255;3520;3849;3938;3718;3141;2308;1500;936;548;215;57;12;430006
421;Montenegro;44670;2482;2629;2888;3188;3286;3517;3338;2794;3000;2975;2756;2209;1707;1163;759;434;200;48;8;430007
422;Torres;38414;2154;2131;2242;2381;2563;2748;2720;2433;2635;3048;2806;2259;1749;1105;661;358;143;33;4;430008
423;Pelotas;412009;22524;24403;28650;28859;28181;30318;30052;26625;26606;27617;26062;22233;17696;12429;8004;4832;2193;568;102;430009
424;Bagé;97663;5744;6159;6833;6886;6643;7030;6896;6268;6393;6624;6174;4740;3732;2733;1815;1146;514;138;27;430010
425;Santa Maria;238867;12431;13838;17125;16528;16376;17227;16989;14754;15530;16807;15688;13195;10420;7360;5130;3085;1402;391;62;430011
426;Săo Gabriel - Caçapava do Sul;57301;3008;3486;3483;3692;3742;3878;4021;3646;4008;4190;3918;3154;2537;1812;1247;706;341;73;18;430012
427;Cachoeira do Sul;48615;2609;2830;2842;2874;3129;3413;3352;2967;3246;3623;3389;2994;2353;1725;1186;681;289;77;14;430013
428;Santiago;31819;1716;1826;2007;2125;2175;2197;2258;2094;2188;2352;2174;1732;1399;1083;725;410;176;32;11;430014
429;Uruguaiana;103443;6541;6728;7354;7261;7011;7351;7343;6579;6740;7090;6171;4933;3800;2661;1695;996;469;116;27;430015
430;Santana do Livramento;74800;4479;4693;4999;5221;5012;4851;4965;4692;4962;5142;4649;3782;2978;2277;1614;968;403;101;21;430016
431;Săo Borja;50821;3033;3159;3600;3663;3472;3635;3583;3412;3414;3345;3160;2492;1833;1310;845;498;193;52;16;430017
432;Ijuí;103896;5643;5928;6527;7175;7167;7571;7731;6928;6855;7201;6347;5634;4433;3154;2032;1132;503;130;22;430018
433;Santa Rosa;70554;3515;3659;4124;4712;5029;4968;4859;4771;4937;5307;4780;4107;3280;2363;1465;835;293;49;12;430019
434;Santo Ângelo;63906;3430;3734;4153;4348;4226;4336;4375;4267;4418;4561;4179;3626;2779;1940;1264;729;302;89;15;430020
435;Tręs Passos;54269;2947;3267;3407;3510;3467;3652;3491;3418;3422;3876;3678;3240;2568;1666;1084;707;254;68;15;430021
436;Săo Luiz Gonzaga;35525;1928;2079;2127;2260;2394;2319;2340;2359;2393;2637;2415;2110;1542;1139;792;411;192;42;16;430022
437;Tręs de Maio;36015;1685;1811;2018;2350;2500;2415;2412;2344;2425;2702;2434;2247;1835;1330;807;455;210;45;9;430023
438;Cerro Largo;22952;1168;1241;1314;1429;1479;1508;1505;1545;1611;1760;1686;1450;1183;796;515;310;109;24;3;430024
439;Passo Fundo;144888;8275;8288;10533;10934;11110;11161;10778;9013;9040;9440;8547;7296;5466;3734;2420;1483;578;143;30;430025
440;Erechim;109243;5469;5673;6633;7304;7595;7898;7816;7238;7335;8047;7170;6186;4960;3565;2505;1598;661;180;30;430026
441;Cruz Alta;71658;4112;4210;4558;4807;5025;5185;5197;4549;4678;5007;4664;3837;2959;2080;1436;765;332;95;16;430027
442;Carazinho;75956;4097;4148;4753;5109;5430;5604;5435;4723;5089;5294;4842;4125;3246;2336;1586;884;366;89;20;430028
443;Frederico Westphalen;59913;3164;3590;4000;4124;4117;4418;4159;3792;3804;4123;3789;3195;2604;1789;1066;637;269;68;16;430029
444;Marau;42554;2272;2420;2816;3074;3254;3256;3132;2730;2755;2876;2478;2251;1759;1255;761;419;177;40;10;430030
445;Soledade;34863;1958;2241;2348;2437;2282;2474;2526;2255;2364;2326;2171;1850;1493;1003;621;352;156;36;8;430031
446;Tapejara - Sananduva;35896;1749;1952;2258;2480;2597;2526;2408;2173;2476;2668;2381;2037;1623;1234;775;434;183;49;3;430032
447;Lagoa Vermelha;31496;1670;1870;1953;2133;2065;2126;2041;2063;2210;2253;2029;1794;1523;1048;676;345;120;33;8;430033
448;Palmeira das Missőes;26020;1548;1657;1625;1702;1770;1810;1857;1619;1721;1857;1695;1344;1050;670;443;247;118;27;6;430034
449;Nonoai;21754;1244;1263;1410;1423;1459;1485;1470;1305;1392;1530;1497;1239;910;619;422;296;107;23;7;430035
450;Caxias do Sul;401873;21878;22891;26673;29055;31249;32915;32396;26848;26645;26722;24382;19387;14781;9870;6261;3744;1554;375;58;430036
451;Bento Gonçalves;123369;5731;6282;7636;9124;9974;10297;9900;8022;7967;8473;7676;6325;4970;3397;2293;1437;580;158;21;430037
452;Nova Prata - Guaporé;52973;2691;2663;3385;3787;4018;3995;3976;3430;3316;3709;3352;2812;2426;1636;1090;643;294;53;9;430038
453;Vacaria;47793;3037;3182;3331;3400;3414;3297;3310;2962;3149;3007;2722;2252;1791;1202;817;423;194;50;6;430039
454;Santa Cruz do Sul;187055;9576;10772;12626;13047;13493;13941;13840;12572;12756;12859;11630;9866;7861;5450;3606;2064;928;208;40;430040
455;Lajeado;149821;8035;8342;9534;10762;11306;11774;11474;9750;9703;9915;9229;7566;6014;4090;2888;1553;615;152;23;430041
456;Sobradinho;27043;1501;1639;1741;1778;1865;1952;1890;1850;1816;1975;1665;1543;1174;846;481;250;91;29;6;430042
457;Encantado;30720;1423;1568;1743;2027;2001;2128;2158;1892;1978;2226;2075;1958;1607;1148;838;567;238;62;7;430043
458;Campo Grande;562570;36770;36577;39815;43500;43280;44654;44756;38734;35490;33153;28720;22266;15868;10406;6694;3911;1704;462;123;500001
459;Tręs Lagoas;100453;7178;7030;7512;8153;8218;8487;8008;6645;6061;5218;4537;3470;2234;1513;954;500;213;51;17;500002
460;Paranaíba - Chapadăo do Sul - Cassilândia;67055;4382;4518;5114;5384;5060;5284;5254;4593;4274;3676;3227;2585;1809;1191;748;413;151;24;16;500003
461;Coxim;53287;3813;3736;3638;3940;4065;4359;4185;3643;3483;3125;2404;1806;1346;884;580;300;112;32;12;500004
462;Dourados;229612;15721;16230;18120;18513;18322;18128;17136;14568;13713;12659;10632;8244;5613;3839;2487;1291;612;181;55;500005
463;Naviraí - Mundo Novo;61959;4597;4430;4403;4825;4659;4700;4571;4171;3923;3639;2868;2205;1537;1054;614;338;125;50;10;500006
464;Nova Andradina;57137;3975;3970;3840;4118;4317;4506;4303;4028;3782;3574;2875;2177;1479;1078;652;355;147;45;11;500007
465;Ponta Poră;57201;4477;4442;4846;4815;4801;4293;4222;3180;3149;2792;2327;1779;1232;877;536;310;139;44;16;500008
466;Amambai;44406;3828;3891;3638;3658;3265;3054;2985;2572;2268;1980;1684;1311;904;656;472;245;98;50;25;500009
467;Corumbá;59450;4496;4529;4695;4564;4347;4544;4311;3710;3345;3176;2576;2102;1418;1057;638;325;130;45;11;500010
468;Jardim;54908;4138;4003;3847;4057;3941;4138;4251;3551;3328;2879;2635;2093;1454;1062;659;362;176;54;26;500011
469;Aquidauana - Anastácio;52460;4102;3963;3689;3885;3554;3846;3741;3429;3052;2937;2504;2096;1559;1021;612;349;154;62;21;500012
470;Cuiabá;575009;38716;39841;42298;44599;46735;48848;47757;39516;35502;30887;26272;20147;13829;8892;5519;2956;1231;353;126;510001
471;Tangará da Serra;125043;9238;9498;10929;11335;10604;10436;9689;8263;6930;5769;4497;3147;2059;1375;811;409;164;42;16;510002
472;Diamantino;35810;2691;2583;2572;2731;2682;2809;2704;2435;2241;2010;1535;1201;852;507;340;180;68;22;6;510003
473;Cáceres;54218;3812;4099;4103;3883;3907;4301;4189;3676;3478;2988;2548;2020;1434;932;642;305;146;40;7;510004
474;Pontes e Lacerda - Comodoro;53455;4158;4208;4149;4381;4462;4488;4189;3520;3027;2538;1951;1389;921;613;381;176;66;16;6;510005
475;Mirassol D'oeste;44333;2946;3128;3024;3095;3134;3407;3589;3286;2996;2671;2241;1735;1235;845;546;282;91;18;6;510006
476;Sinop;150066;10291;11211;13322;13986;12829;12406;11441;9589;8414;7252;5518;3988;2674;1801;1042;507;204;33;13;510007
477;Sorriso;150990;11291;11823;13638;15270;14823;13627;11545;8784;7022;5799;4355;2896;1859;1043;631;320;120;25;7;510008
478;Juína;62144;4954;5031;4904;5098;5085;5100;4901;4147;3464;2965;2359;1638;1149;669;358;182;65;26;10;510009
479;Alta Floresta;54039;3749;3977;4059;4532;4288;4295;4069;3670;3435;3035;2321;1720;1161;757;477;225;81;15;4;510010
480;Peixoto de Azevedo - Guarantă do Norte;44312;3286;3424;3584;3596;3706;3660;3189;2688;2627;2374;1764;1310;815;486;302;136;42;8;2;510011
481;Juara;26156;1937;1882;1879;2064;2192;2129;1945;1719;1635;1467;1126;806;538;364;249;101;31;11;1;510012
482;Barra do Garças;62766;3917;4275;4845;4981;4708;4825;5000;4536;4132;3574;2939;2302;1622;1023;659;352;133;44;21;510013
483;Confresa - Vila Rica;57775;4660;4678;4648;4974;4611;4751;4449;3774;3051;2617;1931;1427;941;623;319;168;65;14;6;510014
484;Água Boa;60902;5037;4969;4942;5473;4990;5138;4552;3567;3013;2470;1913;1388;891;607;359;197;102;38;22;510015
485;Rondonópolis;166570;11786;11459;12540;13471;13497;13564;13342;11699;10336;9011;7124;5415;3864;2572;1574;831;357;75;25;510016
486;Primavera do Leste;67816;5059;5071;5676;6039;5817;5883;5218;4434;3695;3033;2385;1695;1106;695;430;217;91;26;10;510017
487;Jaciara;26004;1795;1853;1652;1736;1797;1948;2032;1903;1876;1572;1314;1041;735;504;335;179;56;14;6;510018
488;Goiânia;1311441;80376;87210;101937;107789;109535;113298;109557;92330;82196;72075;61749;47862;34745;22128;14008;7616;3266;864;175;520001
489;Anápolis;318538;20439;21973;24467;24197;24120;24532;25110;22237;20942;18974;16115;12518;8797;5965;3985;1992;850;236;59;520002
490;Inhumas - Itaberaí - Anicuns;79757;4686;5049;5551;5700;5850;6104;6210;5742;5668;5377;4633;3537;2631;1706;1109;591;221;53;16;520003
491;Catalăo;85064;5270;5773;6326;6434;6575;7002;7064;6061;5477;5135;4204;3302;2543;1611;1115;566;223;58;17;520004
492;Goiás - Itapuranga;76125;4505;4814;4864;4983;5290;5760;6130;5793;5776;5233;4375;3494;2497;1686;1067;573;231;71;13;520005
493;Pires do Rio;28789;1662;1809;2057;2057;2073;2118;2190;2077;2099;1854;1639;1258;1025;680;488;230;103;21;7;520006
494;Itumbiara;100404;6178;6473;7136;7344;7438;7588;7865;7411;6996;6362;5324;4120;3180;2072;1458;784;290;68;19;520007
495;Caldas Novas-Morrinhos;84847;5656;5868;6240;6682;6506;6874;6824;6083;5506;4755;4106;3175;2436;1538;972;491;218;62;22;520008
496;Piracanjuba;34703;2030;2183;2288;2363;2220;2499;2689;2583;2520;2342;2054;1724;1281;895;608;295;132;46;9;520009
497;Rio Verde;171201;11136;12050;13709;14667;15001;14812;13581;11638;10099;9060;7379;5361;3924;2557;1621;802;319;90;27;520010
498;Jataí-Mineiros;118532;8038;8394;9416;9893;9758;9606;9237;8115;7015;6313;5073;3939;2973;2025;1299;732;313;80;27;520011
499;Quirinópolis;42191;2687;2749;2830;2991;3104;3213;3353;3174;3031;2650;2217;1731;1357;903;592;285;104;33;5;520012
500;Săo Luís de Montes Belos;31507;1759;1793;2059;2159;2122;2112;2469;2278;2419;2355;1954;1586;1244;852;513;261;107;30;7;520013
501;Iporá;51284;2896;3104;3218;3478;3446;3549;3963;3950;3989;3686;3063;2453;1851;1255;853;409;164;43;15;520014
502;Palmeiras de Goiás;72766;4413;4746;5162;5296;5343;5493;5850;5418;5114;4515;3861;2910;2201;1445;952;492;174;47;15;520015
503;Porangatu;65571;4236;4603;4297;4297;4407;5077;5266;5068;4660;4262;3550;2784;2081;1305;890;424;197;50;16;520016
504;Uruaçu - Niquelândia;62684;4185;4351;4254;4334;4491;4861;5004;4673;4275;3939;3355;2469;1801;1291;832;409;196;43;15;520017
505;Ceres - Rialma - Goianésia;127950;7838;8545;9244;9273;9321;9305;9713;9559;9104;8319;6811;5558;3844;2671;1775;817;378;110;31;520018
506;Luziânia;375738;27838;30027;31811;31965;31802;32849;31927;25588;21255;17093;12927;9115;6208;3656;2289;1156;482;134;31;520019
507;Águas Lindas de Goiás;260366;19727;21318;22462;21849;20949;22306;21661;17923;14968;12033;8882;6147;4246;2575;1629;754;360;86;29;520020
508;Posse-Campos Belos;61435;4657;5122;4439;4282;4625;5060;5022;4091;3579;3257;2732;2086;1416;1004;674;343;142;36;18;520021
509;Flores de Goiás;28661;2203;2387;2234;2272;2213;2441;2223;1731;1610;1443;1178;868;592;369;218;97;54;18;8;520022
510;Distrito Federal;1474595;89769;103099;112523;113649;115247;127225;135768;112932;96186;83140;65542;51726;38695;25416;16411;8986;4122;1242;223;530001
